瘤痢,瘤痢疙,老矫,扁柯(∑C),碍荐樊(mm),浅加(m/s),浅氢(16规困),嚼档(%),老炼(hr),老荤(MJ/m2),傈款樊(10盒困),瘤搁柯档(∑C)
156,堡林,2022-07-01 00:00,25.6,,2.2,180,99,,,3,25
156,堡林,2022-07-01 01:00,25.1,,1.4,200,99,,,2,24.8
156,堡林,2022-07-01 02:00,25,,1.8,180,99,,,4,24.4
156,堡林,2022-07-01 03:00,24.9,,1.6,200,99,,,2,24.2
156,堡林,2022-07-01 04:00,24.5,,.4,0,99,,,3,24
156,堡林,2022-07-01 05:00,24.4,,1,50,99,,,3,24
156,堡林,2022-07-01 06:00,24,,.9,90,99,.1,.1,2,24
156,堡林,2022-07-01 07:00,25.1,,.9,70,99,1,.59,2,24.5
156,堡林,2022-07-01 08:00,27.3,,2.5,200,88,1,1.29,2,27.4
156,堡林,2022-07-01 09:00,28.4,,3.3,180,83,1,1.96,1,32
156,堡林,2022-07-01 10:00,29.8,,1.9,160,74,1,2.75,1,36
156,堡林,2022-07-01 11:00,30.1,,1.5,180,70,.9,2.62,4,35.1
156,堡林,2022-07-01 12:00,30.6,,3.6,230,68,.6,2.08,5,36.1
156,堡林,2022-07-01 13:00,31,,3.1,230,64,.7,2.73,5,36.3
156,堡林,2022-07-01 14:00,31.2,,3,200,64,.7,2.57,6,36.1
156,堡林,2022-07-01 15:00,32.5,,2.6,200,63,.9,2.76,6,38.9
156,堡林,2022-07-01 16:00,32.4,,2.6,180,58,.9,2.43,3,37.9
156,堡林,2022-07-01 17:00,32.3,,3.3,200,57,.9,1.98,1,35
156,堡林,2022-07-01 18:00,31.7,,3,200,54,1,1.44,0,31.6
156,堡林,2022-07-01 19:00,30.3,,2.8,200,61,.6,.73,0,29
156,堡林,2022-07-01 20:00,28.9,,3.1,180,62,.4,.15,1,26.8
156,堡林,2022-07-01 21:00,27.4,,1.4,230,67,,,0,25.7
156,堡林,2022-07-01 22:00,27.1,,1.5,200,73,,,0,25
156,堡林,2022-07-01 23:00,26.8,,.5,200,76,,,0,24.5
156,堡林,2022-07-02 00:00,25.9,,.1,0,79,,,0,24
156,堡林,2022-07-02 01:00,25.2,,.7,180,85,,,0,23.7
156,堡林,2022-07-02 02:00,24.6,,.4,0,87,,,0,23.3
156,堡林,2022-07-02 03:00,23.8,,.4,0,94,,,0,23
156,堡林,2022-07-02 04:00,23.2,,1,110,97,,,3,22.9
156,堡林,2022-07-02 05:00,23.2,,.9,90,97,,,4,22.7
156,堡林,2022-07-02 06:00,23.4,,.7,70,97,.1,.11,6,22.8
156,堡林,2022-07-02 07:00,23.8,,.1,0,97,1,.66,5,23.8
156,堡林,2022-07-02 08:00,26.3,,.4,0,85,1,1.24,0,26.8
156,堡林,2022-07-02 09:00,28.3,,.4,0,74,1,2.01,0,31.5
156,堡林,2022-07-02 10:00,30.6,,.4,0,67,1,2.69,3,37.1
156,堡林,2022-07-02 11:00,31.9,,.9,200,58,1,3.14,6,39.4
156,堡林,2022-07-02 12:00,32,,.7,250,57,1,3.23,6,42.7
156,堡林,2022-07-02 13:00,33,,.8,230,54,1,3.4,5,47.8
156,堡林,2022-07-02 14:00,33.5,,1.6,20,53,.7,2.5,4,44.5
156,堡林,2022-07-02 15:00,33.5,,1.2,50,53,.6,1.88,5,39.8
156,堡林,2022-07-02 16:00,34.2,,.9,20,53,.6,1.63,3,39.2
156,堡林,2022-07-02 17:00,34.5,,.9,140,48,.9,1.56,2,37.6
156,堡林,2022-07-02 18:00,32,,1.2,270,66,.7,.89,1,33.1
156,堡林,2022-07-02 19:00,30.6,,1.1,320,74,.3,.47,1,31.4
156,堡林,2022-07-02 20:00,29.1,,1.3,250,80,.2,.13,2,29.1
156,堡林,2022-07-02 21:00,28.3,,1.7,250,85,,,3,27.8
156,堡林,2022-07-02 22:00,27.8,,.8,270,87,,,8,27.2
156,堡林,2022-07-02 23:00,27.4,,1.1,250,85,,,7,26.6
156,堡林,2022-07-03 00:00,26.8,,1.5,230,87,,,8,26.6
156,堡林,2022-07-03 01:00,26.7,,.3,0,88,,,10,26.4
156,堡林,2022-07-03 02:00,26.3,,.5,290,89,,,10,25.9
156,堡林,2022-07-03 03:00,26.2,,.3,0,90,,,6,25.3
156,堡林,2022-07-03 04:00,25.6,,.8,50,96,,,7,25.2
156,堡林,2022-07-03 05:00,25.6,,.6,70,92,,,5,25
156,堡林,2022-07-03 06:00,25.2,,.1,0,94,0,.09,5,24.9
156,堡林,2022-07-03 07:00,25.7,,.7,50,90,.3,.35,5,25.8
156,堡林,2022-07-03 08:00,27.3,,1,70,80,1,1.17,7,28.8
156,堡林,2022-07-03 09:00,28.6,,.7,70,67,1,1.65,7,32.7
156,堡林,2022-07-03 10:00,30.3,,.5,20,62,1,2.16,8,37.1
156,堡林,2022-07-03 11:00,32.1,,1.4,200,57,1,2.98,6,44.2
156,堡林,2022-07-03 12:00,31.4,,1.3,180,63,.2,1.77,8,38.5
156,堡林,2022-07-03 13:00,32.1,,1.3,140,67,.3,2,9,39.2
156,堡林,2022-07-03 14:00,32,,2.2,180,59,0,1.41,9,39.5
156,堡林,2022-07-03 15:00,33.1,,2.3,230,58,.4,1.83,4,42.7
156,堡林,2022-07-03 16:00,32.3,,2.6,180,59,.8,2.18,8,38.2
156,堡林,2022-07-03 17:00,32.7,,1.7,180,58,.3,.95,8,37.2
156,堡林,2022-07-03 18:00,30.8,0,2.6,200,66,.3,.47,10,31
156,堡林,2022-07-03 19:00,30.1,,2.8,200,69,0,.3,9,30.8
156,堡林,2022-07-03 20:00,29.5,,2.6,200,71,0,.12,7,29.3
156,堡林,2022-07-03 21:00,28.6,,1.5,200,75,,,4,28.1
156,堡林,2022-07-03 22:00,28.1,,1.2,200,78,,,4,27.3
156,堡林,2022-07-03 23:00,27.7,,.7,200,83,,,4,26.7
156,堡林,2022-07-04 00:00,27.3,,1.1,180,83,,,2,26.6
156,堡林,2022-07-04 01:00,27,,.4,0,84,,,8,26.6
156,堡林,2022-07-04 02:00,27,,.9,90,86,,,6,26.8
156,堡林,2022-07-04 03:00,26.9,,.8,110,86,,,5,26.7
156,堡林,2022-07-04 04:00,24.5,.6,0,0,99,,,10,26
156,堡林,2022-07-04 05:00,24.3,.6,0,0,99,,,10,25.9
156,堡林,2022-07-04 06:00,24.6,0,.5,50,99,0,.06,8,26
156,堡林,2022-07-04 07:00,25.2,,.4,0,99,0,.22,9,26.7
156,堡林,2022-07-04 08:00,25.6,,.1,0,99,0,.5,9,28.1
156,堡林,2022-07-04 09:00,27.6,,.7,160,95,.2,1.04,9,31.9
156,堡林,2022-07-04 10:00,28.8,,1.6,180,87,.3,1.58,5,33.8
156,堡林,2022-07-04 11:00,29.5,,1.5,200,77,1,2.97,6,36.6
156,堡林,2022-07-04 12:00,29.5,,1,180,77,.1,1.27,9,33.7
156,堡林,2022-07-04 13:00,29.3,,1.2,70,78,.2,1.98,9,33.5
156,堡林,2022-07-04 14:00,29.1,0,1,140,79,0,.7,9,30.8
156,堡林,2022-07-04 15:00,29.6,0,1.4,290,79,0,.95,9,33.3
156,堡林,2022-07-04 16:00,30.3,,.6,50,76,0,1.24,9,33.7
156,堡林,2022-07-04 17:00,31.2,,.4,0,69,.8,1.72,6,35.1
156,堡林,2022-07-04 18:00,27.2,.9,.4,0,94,.5,.74,9,29.6
156,堡林,2022-07-04 19:00,27.2,0,1.5,250,97,0,.1,9,28.6
156,堡林,2022-07-04 20:00,27.1,,.5,250,99,0,.07,10,27.7
156,堡林,2022-07-04 21:00,26.6,,.4,0,99,,,7,27
156,堡林,2022-07-04 22:00,26.5,,.2,0,99,,,9,26.6
156,堡林,2022-07-04 23:00,26.1,,.3,0,99,,,6,26.3
156,堡林,2022-07-05 00:00,25.9,,.3,0,99,,,7,26
156,堡林,2022-07-05 01:00,25.7,,.7,230,99,,,6,25.8
156,堡林,2022-07-05 02:00,25.6,,0,0,99,,,10,25.9
156,堡林,2022-07-05 03:00,25.5,,0,0,99,,,5,25.8
156,堡林,2022-07-05 04:00,25.4,,0,0,99,,,6,25.7
156,堡林,2022-07-05 05:00,25.5,,0,0,99,,,9,26
156,堡林,2022-07-05 06:00,25.5,,.5,270,99,0,.08,10,26
156,堡林,2022-07-05 07:00,26,,.3,0,99,0,.39,9,27.6
156,堡林,2022-07-05 08:00,26.2,,.8,250,99,.1,.58,9,28.4
156,堡林,2022-07-05 09:00,27.5,,.9,200,98,.3,1.35,8,31
156,堡林,2022-07-05 10:00,29.2,,.9,250,88,.7,2.1,8,35.4
156,堡林,2022-07-05 11:00,30.4,,.8,340,81,.4,1.85,7,35.8
156,堡林,2022-07-05 12:00,31.5,,.9,70,72,.6,2.39,8,39.6
156,堡林,2022-07-05 13:00,31.3,,.9,360,71,.3,1.9,9,35.4
156,堡林,2022-07-05 14:00,31.2,,1.8,20,75,.1,1.81,9,37
156,堡林,2022-07-05 15:00,30.7,,.8,320,80,.2,1.56,9,34.9
156,堡林,2022-07-05 16:00,31.6,,1.2,50,77,.4,1.33,8,36.3
156,堡林,2022-07-05 17:00,30.7,,1,320,78,.1,.94,9,33
156,堡林,2022-07-05 18:00,26.1,7,1.4,180,99,0,.36,9,29.7
156,堡林,2022-07-05 19:00,26.5,.3,2,230,99,0,.23,9,29.3
156,堡林,2022-07-05 20:00,26.7,,1.4,200,99,0,.08,9,28.3
156,堡林,2022-07-05 21:00,26.4,,1,160,99,,,9,27.8
156,堡林,2022-07-05 22:00,26.3,,1.2,180,99,,,8,27.6
156,堡林,2022-07-05 23:00,26.1,,.1,0,99,,,9,27.3
156,堡林,2022-07-06 00:00,25.8,,.1,0,99,,,7,26.9
156,堡林,2022-07-06 01:00,26,,.8,180,99,,,10,26.7
156,堡林,2022-07-06 02:00,26,,.1,0,99,,,10,26.6
156,堡林,2022-07-06 03:00,25.8,,.6,180,99,,,7,26.5
156,堡林,2022-07-06 04:00,26.1,,.6,230,99,,,7,26.3
156,堡林,2022-07-06 05:00,25.4,,1.5,180,99,,,6,26
156,堡林,2022-07-06 06:00,25.5,,1.4,70,99,0,.09,8,26.1
156,堡林,2022-07-06 07:00,26.1,,.6,50,99,.2,.31,4,26.5
156,堡林,2022-07-06 08:00,27.8,,.8,200,96,.8,1.09,6,28.5
156,堡林,2022-07-06 09:00,28.8,,.9,180,92,1,1.62,7,31.1
156,堡林,2022-07-06 10:00,29.5,,1.2,200,86,.7,1.73,8,32.7
156,堡林,2022-07-06 11:00,30.8,,3.4,230,79,.9,2.56,7,35.8
156,堡林,2022-07-06 12:00,31.4,,2,180,74,.4,1.98,8,34.8
156,堡林,2022-07-06 13:00,32.4,,1.8,200,70,.7,2.8,7,37.5
156,堡林,2022-07-06 14:00,33,,2.4,200,63,.8,2.68,7,37.5
156,堡林,2022-07-06 15:00,32.5,,1.9,140,65,.8,2.47,7,35.1
156,堡林,2022-07-06 16:00,32.6,,2.1,160,67,.7,1.78,6,35
156,堡林,2022-07-06 17:00,32.8,,4.2,200,62,.9,1.76,5,33.6
156,堡林,2022-07-06 18:00,32.1,,3.2,200,66,1,1.53,7,32.2
156,堡林,2022-07-06 19:00,30,,2.5,180,77,.5,.73,6,30.3
156,堡林,2022-07-06 20:00,29.1,,2.5,180,83,0,.1,6,28.8
156,堡林,2022-07-06 21:00,28.6,,2.7,200,88,,,6,28.3
156,堡林,2022-07-06 22:00,28.2,,2.8,180,89,,,6,27.6
156,堡林,2022-07-06 23:00,27.8,,2.6,180,93,,,8,27.3
156,堡林,2022-07-07 00:00,28,,2.6,180,89,,,7,26.9
156,堡林,2022-07-07 01:00,27.5,,3,200,94,,,9,26.8
156,堡林,2022-07-07 02:00,27.4,,2.4,200,94,,,7,26.7
156,堡林,2022-07-07 03:00,27.4,,2.5,180,95,,,4,26.5
156,堡林,2022-07-07 04:00,27.2,,2.7,180,97,,,0,26.3
156,堡林,2022-07-07 05:00,27.2,,2.6,180,96,,,0,26.2
156,堡林,2022-07-07 06:00,27,,2.7,180,97,0,.08,4,26.2
156,堡林,2022-07-07 07:00,27.3,,2.6,180,96,.7,.39,2,26.5
156,堡林,2022-07-07 08:00,29.1,,2.3,200,84,1,1.19,4,28.9
156,堡林,2022-07-07 09:00,30,,3.6,200,80,1,1.89,5,31.8
156,堡林,2022-07-07 10:00,31.3,,3.5,200,74,1,2.58,4,36.1
156,堡林,2022-07-07 11:00,32.7,,3.3,200,70,1,3.18,5,40.2
156,堡林,2022-07-07 12:00,32.4,,4,200,68,.9,2.94,6,40
156,堡林,2022-07-07 13:00,31.5,,3.9,180,69,.3,1.72,8,35.6
156,堡林,2022-07-07 14:00,30.4,,3.6,180,76,0,.92,9,33.1
156,堡林,2022-07-07 15:00,31,,3.4,200,78,0,1.25,10,35.1
156,堡林,2022-07-07 16:00,30.5,,2.7,230,81,.3,1.59,10,34
156,堡林,2022-07-07 17:00,29.7,0,2.4,200,86,0,.45,10,31.5
156,堡林,2022-07-07 18:00,29.3,0,3.8,200,89,0,.29,10,30.2
156,堡林,2022-07-07 19:00,28.2,0,3,200,98,0,.13,10,28.9
156,堡林,2022-07-07 20:00,26.5,1.1,1.6,230,99,0,.06,10,28.3
156,堡林,2022-07-07 21:00,26.9,1.6,.8,200,99,,,7,28.4
156,堡林,2022-07-07 22:00,26.7,0,1.6,270,99,,,10,28
156,堡林,2022-07-07 23:00,26.2,2.2,1.5,200,99,,,9,27.7
156,堡林,2022-07-08 00:00,26.1,,1.7,230,99,,,6,27.8
156,堡林,2022-07-08 01:00,26.1,,1.5,230,99,,,6,27.7
156,堡林,2022-07-08 02:00,26,,2.3,250,99,,,7,27.6
156,堡林,2022-07-08 03:00,26,,2.6,230,99,,,9,27.4
156,堡林,2022-07-08 04:00,25.9,,2.5,230,99,,,9,27.3
156,堡林,2022-07-08 05:00,25.8,,1.2,250,99,,,9,27.2
156,堡林,2022-07-08 06:00,25.7,,1.8,230,99,0,.07,7,27.2
156,堡林,2022-07-08 07:00,26.1,,1,230,99,0,.18,9,27.6
156,堡林,2022-07-08 08:00,26.6,,1.5,230,99,0,.32,10,28.1
156,堡林,2022-07-08 09:00,27.5,,1,250,99,0,.55,10,29.2
156,堡林,2022-07-08 10:00,27.9,,1.1,230,98,0,.86,10,29.9
156,堡林,2022-07-08 11:00,27.8,,1,230,98,0,.58,8,29.4
156,堡林,2022-07-08 12:00,26.6,.3,.6,20,99,0,.28,10,28.7
156,堡林,2022-07-08 13:00,25.8,4.5,.5,230,99,0,.37,10,28.3
156,堡林,2022-07-08 14:00,26.5,,.8,250,99,0,.66,7,29.2
156,堡林,2022-07-08 15:00,27.2,,.8,360,99,0,1.1,9,29.9
156,堡林,2022-07-08 16:00,29.4,,1.5,270,92,.4,1.71,8,32.3
156,堡林,2022-07-08 17:00,29.1,,1.1,320,83,.4,1.22,4,30.9
156,堡林,2022-07-08 18:00,29.4,,1.1,270,81,.7,1.07,4,30.3
156,堡林,2022-07-08 19:00,28.5,,.7,270,81,.4,.53,2,28.9
156,堡林,2022-07-08 20:00,27.1,,.8,290,93,.1,.12,3,27.5
156,堡林,2022-07-08 21:00,26,,.4,0,97,,,3,26.6
156,堡林,2022-07-08 22:00,24.9,,0,0,99,,,1,25.9
156,堡林,2022-07-08 23:00,24.9,,1.1,250,99,,,0,25.7
156,堡林,2022-07-09 00:00,24.4,,1.5,270,99,,,1,25.5
156,堡林,2022-07-09 01:00,23.9,,2.1,250,99,,,,25.2
156,堡林,2022-07-09 02:00,24,,.5,290,99,,,8,25.4
156,堡林,2022-07-09 03:00,23.8,,.3,0,99,,,8,25.3
156,堡林,2022-07-09 04:00,24,,.2,0,99,,,6,25.3
156,堡林,2022-07-09 05:00,23.9,,.4,0,99,,,7,25.1
156,堡林,2022-07-09 06:00,23.9,,.6,320,99,0,.07,9,25.2
156,堡林,2022-07-09 07:00,23.8,,.3,0,99,0,.17,5,25.4
156,堡林,2022-07-09 08:00,24.5,,1,340,98,.3,.71,4,26.4
156,堡林,2022-07-09 09:00,26.3,,.4,0,96,.4,1.09,4,28.5
156,堡林,2022-07-09 10:00,26.7,,.8,140,88,.6,1.65,7,29.6
156,堡林,2022-07-09 11:00,27.6,,1.4,90,86,.2,1.41,10,30.2
156,堡林,2022-07-09 12:00,27.7,,1.1,50,84,.1,1.45,9,30.6
156,堡林,2022-07-09 13:00,28.1,,1.3,50,84,.1,1.54,10,30.6
156,堡林,2022-07-09 14:00,30,,1.1,70,79,.4,2.12,9,34.8
156,堡林,2022-07-09 15:00,30.6,,1.4,50,66,.5,2.21,8,34.4
156,堡林,2022-07-09 16:00,30.5,,1.7,50,64,.9,2.46,7,32.6
156,堡林,2022-07-09 17:00,30.9,,1.7,70,64,.8,1.7,6,32.4
156,堡林,2022-07-09 18:00,30.2,,2,70,72,1,1.24,1,30.7
156,堡林,2022-07-09 19:00,28.9,,1.5,70,77,.6,.54,2,29.1
156,堡林,2022-07-09 20:00,28.1,,1.3,70,84,0,.13,4,27.7
156,堡林,2022-07-09 21:00,27.8,,.2,0,90,,,7,27.2
156,堡林,2022-07-09 22:00,27,,1.1,50,97,,,3,26.9
156,堡林,2022-07-09 23:00,26.4,,1.1,70,98,,,4,26.4
156,堡林,2022-07-10 00:00,25.4,,1.1,70,99,,,4,26.1
156,堡林,2022-07-10 01:00,25.6,,.5,50,99,,,4,25.8
156,堡林,2022-07-10 02:00,25.4,,.5,50,99,,,7,25.7
156,堡林,2022-07-10 03:00,24.8,,.7,20,99,,,4,25.4
156,堡林,2022-07-10 04:00,24.5,,0,0,99,,,7,25.3
156,堡林,2022-07-10 05:00,24.6,,.3,0,99,,,3,25.1
156,堡林,2022-07-10 06:00,24.6,,.2,0,99,0,.07,0,25.2
156,堡林,2022-07-10 07:00,25,,.1,0,99,.1,.33,2,26.1
156,堡林,2022-07-10 08:00,26.2,,.2,0,99,.6,.96,3,27.8
156,堡林,2022-07-10 09:00,27.7,,.2,0,94,1,1.73,5,30.3
156,堡林,2022-07-10 10:00,29.5,,.7,20,85,1,2.44,7,33.2
156,堡林,2022-07-10 11:00,29.5,,.9,340,80,.5,2.01,8,31.7
156,堡林,2022-07-10 12:00,30.7,,.9,20,77,.5,1.99,8,33.8
156,堡林,2022-07-10 13:00,32.6,,1.3,230,65,.8,2.67,7,37.9
156,堡林,2022-07-10 14:00,32.8,,2.3,250,61,1,3.35,7,38.1
156,堡林,2022-07-10 15:00,32.6,,1.8,230,62,.8,2.62,7,36
156,堡林,2022-07-10 16:00,32.6,,2,160,68,.8,1.88,7,34.7
156,堡林,2022-07-10 17:00,31.4,,2.7,200,71,.1,.64,8,32.1
156,堡林,2022-07-10 18:00,30.9,,4,230,69,0,.51,7,31.2
156,堡林,2022-07-10 19:00,29.6,,4.3,230,80,0,.34,7,29.9
156,堡林,2022-07-10 20:00,28.5,,3.4,230,86,0,.11,7,28.6
156,堡林,2022-07-10 21:00,28.1,,2.5,230,87,,,9,28.1
156,堡林,2022-07-10 22:00,27.5,,2.4,200,92,,,10,27.6
156,堡林,2022-07-10 23:00,27,,2.1,200,95,,,10,27.4
156,堡林,2022-07-11 00:00,26.3,0,1.4,200,97,,,10,26.9
156,堡林,2022-07-11 01:00,24.6,6.9,.9,110,99,,,10,26.4
156,堡林,2022-07-11 02:00,25,.4,.4,0,99,,,10,26.6
156,堡林,2022-07-11 03:00,24.6,,.1,0,99,,,10,26.5
156,堡林,2022-07-11 04:00,24.6,4.4,1.4,200,99,,,10,26.2
156,堡林,2022-07-11 05:00,24.4,.6,.9,180,99,,,10,26.2
156,堡林,2022-07-11 06:00,24.2,.6,1.1,70,99,0,.06,10,26
156,堡林,2022-07-11 07:00,24,.5,.5,50,99,0,.09,10,26.1
156,堡林,2022-07-11 08:00,24.3,.7,.9,90,99,0,.25,10,26.6
156,堡林,2022-07-11 09:00,25.5,.2,.4,0,99,0,.54,9,27.8
156,堡林,2022-07-11 10:00,27,,1.5,200,99,.4,1.42,7,29.8
156,堡林,2022-07-11 11:00,27.7,,2,230,98,.2,1.64,9,30.6
156,堡林,2022-07-11 12:00,28.1,,.3,0,90,.1,1.41,9,30
156,堡林,2022-07-11 13:00,29.8,,.4,0,75,.4,2.14,9,34
156,堡林,2022-07-11 14:00,30.1,,.9,90,74,.5,2.29,7,35.8
156,堡林,2022-07-11 15:00,29.6,,1.2,200,79,.2,1.4,8,31.6
156,堡林,2022-07-11 16:00,29.2,0,2.2,250,84,.1,.62,10,29.8
156,堡林,2022-07-11 17:00,29.6,,1.9,250,82,0,.53,9,30.8
156,堡林,2022-07-11 18:00,30.2,,1.2,290,78,.5,1.14,6,31.7
156,堡林,2022-07-11 19:00,28.8,,.2,0,89,.2,.37,2,28.8
156,堡林,2022-07-11 20:00,28,,.1,0,96,0,.13,5,27.9
156,堡林,2022-07-11 21:00,27.5,,1,290,98,,,5,27.3
156,堡林,2022-07-11 22:00,27.3,,.9,290,98,,,5,26.9
156,堡林,2022-07-11 23:00,27,,.4,0,99,,,5,26.7
156,堡林,2022-07-12 00:00,27,,1.1,250,98,,,6,26.5
156,堡林,2022-07-12 01:00,26.7,,1.3,250,99,,,6,26.2
156,堡林,2022-07-12 02:00,26.3,,.8,250,99,,,3,26.2
156,堡林,2022-07-12 03:00,26.2,,1,200,99,,,8,26
156,堡林,2022-07-12 04:00,25.9,,.6,180,99,,,6,25.9
156,堡林,2022-07-12 05:00,26,,.9,200,99,,,7,25.7
156,堡林,2022-07-12 06:00,25.8,,.7,250,99,0,.08,7,26.2
156,堡林,2022-07-12 07:00,26.4,,.2,0,99,0,.28,7,27.4
156,堡林,2022-07-12 08:00,27.2,,.5,90,98,0,.64,9,29.5
156,堡林,2022-07-12 09:00,28.3,,1.8,230,93,.3,1.37,8,33.2
156,堡林,2022-07-12 10:00,29.9,,2.6,200,88,.2,1.6,7,36.5
156,堡林,2022-07-12 11:00,29.2,,1.7,250,89,.1,1.41,9,34.5
156,堡林,2022-07-12 12:00,28.6,,2.8,180,93,.3,1.81,8,37.2
156,堡林,2022-07-12 13:00,30.7,,2.5,200,84,.8,3.3,6,41.6
156,堡林,2022-07-12 14:00,29.5,,2.5,200,82,.7,2.61,8,39.3
156,堡林,2022-07-12 15:00,30.1,,2.7,200,76,.6,2.52,8,37.6
156,堡林,2022-07-12 16:00,30.2,,2.4,180,77,.5,1.85,8,40.5
156,堡林,2022-07-12 17:00,29.6,,2.3,200,81,.1,1.04,9,35.9
156,堡林,2022-07-12 18:00,28.8,,3.2,200,82,0,.5,10,32.4
156,堡林,2022-07-12 19:00,27.7,,3.4,200,85,0,.31,10,29.5
156,堡林,2022-07-12 20:00,26.8,,3.5,180,90,0,.1,10,27.2
156,堡林,2022-07-12 21:00,26.1,,3.3,200,93,,,8,26.7
156,堡林,2022-07-12 22:00,26.1,,2.3,180,90,,,9,25.7
156,堡林,2022-07-12 23:00,25.8,,2.8,180,89,,,10,25.2
156,堡林,2022-07-13 00:00,25,,4.1,230,93,,,9,24.6
156,堡林,2022-07-13 01:00,25.3,,1.5,160,92,,,6,24.4
156,堡林,2022-07-13 02:00,25,,2.1,230,93,,,0,24.7
156,堡林,2022-07-13 03:00,24.8,,2.2,200,95,,,10,24.5
156,堡林,2022-07-13 04:00,24.8,,1.9,180,94,,,10,24.2
156,堡林,2022-07-13 05:00,24.6,,.7,180,94,,,9,24
156,堡林,2022-07-13 06:00,24.5,,1.6,230,94,0,.07,9,24.1
156,堡林,2022-07-13 07:00,25,,1.9,200,93,0,.29,9,26.3
156,堡林,2022-07-13 08:00,25.8,,1,140,89,0,.41,9,28
156,堡林,2022-07-13 09:00,25.9,,2.3,200,88,0,.53,10,28.9
156,堡林,2022-07-13 10:00,26.1,,2.6,180,90,0,.51,10,29.4
156,堡林,2022-07-13 11:00,26.3,,2.2,180,91,0,.52,10,29.9
156,堡林,2022-07-13 12:00,26.5,,2.4,180,92,0,.63,10,31.6
156,堡林,2022-07-13 13:00,27.3,,2,180,89,0,1.5,10,35.8
156,堡林,2022-07-13 14:00,26.9,,2.8,160,90,0,.9,10,34.5
156,堡林,2022-07-13 15:00,27,,2.8,200,90,0,1.06,9,35.3
156,堡林,2022-07-13 16:00,27.1,,2.4,180,90,0,1.12,9,36.4
156,堡林,2022-07-13 17:00,27.1,,3.6,180,88,.5,1.45,8,34.8
156,堡林,2022-07-13 18:00,27,,3.2,200,88,0,.85,8,32.2
156,堡林,2022-07-13 19:00,26.6,,4,200,91,.2,.56,9,29
156,堡林,2022-07-13 20:00,26.2,,3.3,200,93,0,.09,10,26.8
156,堡林,2022-07-13 21:00,26,,3.3,200,96,,,8,26
156,堡林,2022-07-13 22:00,26.1,,3.4,200,97,,,9,25.6
156,堡林,2022-07-13 23:00,26.3,,2.6,200,97,,,9,25.9
156,堡林,2022-07-14 00:00,26.4,,1.8,230,98,,,10,26.2
156,堡林,2022-07-14 01:00,26.5,,1.8,180,98,,,5,26.3
156,堡林,2022-07-14 02:00,26.6,0,2.6,230,99,,,10,26.3
156,堡林,2022-07-14 03:00,25.9,0,2.8,230,99,,,10,26
156,堡林,2022-07-14 04:00,25.4,4,3.8,230,99,,,10,25.8
156,堡林,2022-07-14 05:00,25.5,1.6,3.5,230,99,,,10,26
156,堡林,2022-07-14 06:00,25.8,7.4,1,320,99,0,.06,10,26.1
156,堡林,2022-07-14 07:00,25.9,0,.4,0,99,.1,.26,6,27.6
156,堡林,2022-07-14 08:00,26.9,,.9,320,99,1,1.17,4,33.1
156,堡林,2022-07-14 09:00,27.2,,1.2,290,89,.9,1.8,7,33.4
156,堡林,2022-07-14 10:00,27.8,,.8,290,91,.1,1.13,8,33.4
156,堡林,2022-07-14 11:00,28.6,,1.4,320,86,.2,1.4,7,34.5
156,堡林,2022-07-14 12:00,29.8,,1.7,290,78,.8,2.59,7,40.9
156,堡林,2022-07-14 13:00,30.5,,2.1,270,75,.9,3.16,7,41
156,堡林,2022-07-14 14:00,30.5,,2,320,71,.4,2.07,8,40.1
156,堡林,2022-07-14 15:00,30.2,,1.7,360,75,.9,2.71,7,39.1
156,堡林,2022-07-14 16:00,30,,2.3,340,73,1,2.72,6,37.1
156,堡林,2022-07-14 17:00,29.7,,1.7,20,76,1,2.1,8,33.9
156,堡林,2022-07-14 18:00,28.7,,1.1,320,77,1,1.36,0,30.1
156,堡林,2022-07-14 19:00,27.8,,1.2,360,80,.7,.57,3,27.9
156,堡林,2022-07-14 20:00,26.8,,1.1,320,89,0,.12,5,26.4
156,堡林,2022-07-14 21:00,26,,.8,340,95,,,8,25.7
156,堡林,2022-07-14 22:00,25.5,,.8,250,97,,,8,25.2
156,堡林,2022-07-14 23:00,24.8,,.6,360,99,,,4,24.7
156,堡林,2022-07-15 00:00,24.4,,.4,0,99,,,8,24.4
156,堡林,2022-07-15 01:00,24.1,,.2,0,99,,,8,24
156,堡林,2022-07-15 02:00,23.9,,.3,0,99,,,7,23.9
156,堡林,2022-07-15 03:00,23.7,,.6,250,99,,,4,23.4
156,堡林,2022-07-15 04:00,23.7,,.1,0,99,,,8,23.3
156,堡林,2022-07-15 05:00,23.2,,.7,50,99,,,4,23
156,堡林,2022-07-15 06:00,23.1,,1.1,50,99,0,.08,0,23
156,堡林,2022-07-15 07:00,23.5,,.1,0,99,.8,.46,0,24.2
156,堡林,2022-07-15 08:00,25.4,,1.5,70,97,1,1.13,0,27
156,堡林,2022-07-15 09:00,26.7,,.8,70,85,1,1.84,1,30.7
156,堡林,2022-07-15 10:00,26.9,,1.4,360,82,.8,2.17,7,32
156,堡林,2022-07-15 11:00,28.8,,1.2,70,70,.8,2.62,5,36.4
156,堡林,2022-07-15 12:00,29.8,,1.5,50,69,1,3.35,5,38.2
156,堡林,2022-07-15 13:00,30.2,,1.4,20,60,1,2.7,8,38.8
156,堡林,2022-07-15 14:00,30.4,,2,50,60,.8,2.57,8,38.5
156,堡林,2022-07-15 15:00,30.2,,1.3,50,65,.3,1.86,8,36.7
156,堡林,2022-07-15 16:00,30.7,,1,20,60,.6,1.88,6,38.3
156,堡林,2022-07-15 17:00,31,,1,50,57,1,1.77,4,38.9
156,堡林,2022-07-15 18:00,30.7,,2.4,50,58,1,1.4,3,36.8
156,堡林,2022-07-15 19:00,29.9,,.8,340,64,1,.63,0,30.1
156,堡林,2022-07-15 20:00,28.2,,1.5,20,70,.1,.15,6,27.2
156,堡林,2022-07-15 21:00,26.8,,.6,360,76,,,7,25.8
156,堡林,2022-07-15 22:00,25.8,,.1,0,80,,,7,24.7
156,堡林,2022-07-15 23:00,25.2,,.3,0,82,,,7,23.9
156,堡林,2022-07-16 00:00,24.6,,.7,50,86,,,7,23.4
156,堡林,2022-07-16 01:00,24,,.6,50,91,,,7,23.1
156,堡林,2022-07-16 02:00,23.4,,.3,0,97,,,7,22.7
156,堡林,2022-07-16 03:00,22.9,,0,0,98,,,8,22.4
156,堡林,2022-07-16 04:00,22.8,,.6,290,99,,,7,21.8
156,堡林,2022-07-16 05:00,22.6,,.4,0,99,,,5,21.5
156,堡林,2022-07-16 06:00,22.4,,.4,0,99,0,.08,5,21.9
156,堡林,2022-07-16 07:00,23.4,,.5,70,98,.6,.41,4,23.4
156,堡林,2022-07-16 08:00,24.5,,.8,250,95,1,.88,4,27.5
156,堡林,2022-07-16 09:00,25.8,,.6,270,89,1,1.85,1,33.9
156,堡林,2022-07-16 10:00,27.8,,.3,0,77,1,2.39,3,40.2
156,堡林,2022-07-16 11:00,28.9,,1.9,200,74,1,2.73,7,43.5
156,堡林,2022-07-16 12:00,29.5,,1.8,270,63,1,2.92,8,44.9
156,堡林,2022-07-16 13:00,29.5,,1.1,290,65,.7,2.5,5,41.9
156,堡林,2022-07-16 14:00,31.9,,2.4,270,55,.9,3.15,6,53.7
156,堡林,2022-07-16 15:00,31.4,,2.7,270,56,1,3.27,6,53.1
156,堡林,2022-07-16 16:00,30.9,,1.9,320,55,1,2.84,4,50.6
156,堡林,2022-07-16 17:00,30.4,,2.1,290,59,.8,1.67,6,44.9
156,堡林,2022-07-16 18:00,29.6,,1.2,320,60,1,1.38,7,39.2
156,堡林,2022-07-16 19:00,27.3,,1.8,340,69,.6,.49,2,30.3
156,堡林,2022-07-16 20:00,26.2,,1.2,290,79,0,.11,8,27.4
156,堡林,2022-07-16 21:00,25.6,,1,320,87,,,8,26.3
156,堡林,2022-07-16 22:00,25.2,,.4,0,86,,,4,25.1
156,堡林,2022-07-16 23:00,25.1,,.7,290,88,,,9,24.9
156,堡林,2022-07-17 00:00,25,,.8,270,91,,,8,24.8
156,堡林,2022-07-17 01:00,24.6,,.7,230,95,,,9,24.2
156,堡林,2022-07-17 02:00,24.5,,1,250,97,,,10,24.2
156,堡林,2022-07-17 03:00,24.1,,1.1,250,98,,,8,24
156,堡林,2022-07-17 04:00,24,,.7,230,99,,,9,24.1
156,堡林,2022-07-17 05:00,23.8,,1.2,200,99,,,9,24.3
156,堡林,2022-07-17 06:00,23.8,,1.2,250,99,0,.07,10,24.3
156,堡林,2022-07-17 07:00,24.1,,1.4,230,99,0,.11,10,24.9
156,堡林,2022-07-17 08:00,25.1,,.8,200,99,0,.42,10,27.9
156,堡林,2022-07-17 09:00,26.1,,1.3,230,98,0,.97,10,32
156,堡林,2022-07-17 10:00,26.5,,1.2,270,94,0,.89,10,33.9
156,堡林,2022-07-17 11:00,25.3,0,2.4,200,99,0,.59,10,29.2
156,堡林,2022-07-17 12:00,26.9,,2.3,250,94,0,1.26,10,37
156,堡林,2022-07-17 13:00,28.3,,2.1,250,84,0,2.16,9,42.7
156,堡林,2022-07-17 14:00,28.6,,1.2,360,78,0,1.58,10,39.3
156,堡林,2022-07-17 15:00,29.3,,1.2,270,76,.1,1.57,10,40
156,堡林,2022-07-17 16:00,28.7,,1.4,250,77,0,1.14,10,36.1
156,堡林,2022-07-17 17:00,28.6,,1,230,87,0,.69,10,34.3
156,堡林,2022-07-17 18:00,27.8,,2.7,230,92,0,.5,10,31.7
156,堡林,2022-07-17 19:00,27.3,,1.9,230,92,0,.24,10,29.1
156,堡林,2022-07-17 20:00,26.7,,1.4,230,96,0,.07,10,27.5
156,堡林,2022-07-17 21:00,27,0,1.7,200,97,,,10,26.9
156,堡林,2022-07-17 22:00,26.6,,1.7,180,98,,,10,26.4
156,堡林,2022-07-17 23:00,26.2,,.7,110,98,,,10,26.3
156,堡林,2022-07-18 00:00,26.5,,.3,0,95,,,7,26.1
156,堡林,2022-07-18 01:00,24.5,2.5,2.3,200,99,,,10,25
156,堡林,2022-07-18 02:00,23.5,.2,1.3,70,99,,,10,24.6
156,堡林,2022-07-18 03:00,21.4,2.7,.7,340,99,,,10,23.4
156,堡林,2022-07-18 04:00,20.7,6.9,1.5,90,99,,,10,22.3
156,堡林,2022-07-18 05:00,20.6,6.3,2.5,70,99,,,10,21.7
156,堡林,2022-07-18 06:00,21,13.4,.6,250,99,0,.06,10,21.6
156,堡林,2022-07-18 07:00,21.2,2.2,1.9,70,99,0,.08,10,22.4
156,堡林,2022-07-18 08:00,21.5,4.5,1.9,320,99,0,.18,10,22.7
156,堡林,2022-07-18 09:00,22.3,2.5,.3,0,99,0,.35,10,24.9
156,堡林,2022-07-18 10:00,22.8,.6,1.1,50,99,0,.41,10,25.4
156,堡林,2022-07-18 11:00,23,1.7,.4,0,99,0,.25,10,25.2
156,堡林,2022-07-18 12:00,23.2,1,1.5,70,99,0,.28,10,25.2
156,堡林,2022-07-18 13:00,23.8,2.8,.4,0,99,0,.26,10,25.6
156,堡林,2022-07-18 14:00,24.1,1.3,1,180,99,0,.37,10,26.2
156,堡林,2022-07-18 15:00,25.3,.1,1.5,230,99,0,.4,9,28
156,堡林,2022-07-18 16:00,25.1,.3,2.3,200,99,0,.4,10,27.1
156,堡林,2022-07-18 17:00,25.5,3.9,2.5,200,99,0,.3,10,27.4
156,堡林,2022-07-18 18:00,25.7,.1,3.2,230,99,0,.22,10,27.2
156,堡林,2022-07-18 19:00,25.8,0,2.1,230,99,0,.16,10,26.6
156,堡林,2022-07-18 20:00,25.6,.4,2.2,230,99,0,.07,10,26.1
156,堡林,2022-07-18 21:00,25.6,.7,2.2,230,99,,,9,26
156,堡林,2022-07-18 22:00,25.5,,3.6,230,99,,,8,25.9
156,堡林,2022-07-18 23:00,25.3,,3.1,230,99,,,7,25.8
156,堡林,2022-07-19 00:00,24.8,,3.2,230,99,,,3,25.4
156,堡林,2022-07-19 01:00,24.3,,1.8,250,99,,,6,25.1
156,堡林,2022-07-19 02:00,24,.1,1.7,250,99,,,5,25
156,堡林,2022-07-19 03:00,23.9,.2,.7,230,99,,,10,25
156,堡林,2022-07-19 04:00,23.8,.4,.5,320,99,,,4,24.9
156,堡林,2022-07-19 05:00,23.3,,1.4,320,99,,,8,23.9
156,堡林,2022-07-19 06:00,23.1,,1.8,340,99,0,.07,6,23.7
156,堡林,2022-07-19 07:00,23,,.4,0,99,.6,.41,3,23.7
156,堡林,2022-07-19 08:00,24.7,,.6,290,99,1,1.14,1,27.9
156,堡林,2022-07-19 09:00,25.6,,1.8,340,96,.6,1.52,8,30.7
156,堡林,2022-07-19 10:00,26.4,,.9,320,93,.5,1.64,6,34.7
156,堡林,2022-07-19 11:00,28.1,,.8,360,84,1,3.04,7,39.5
156,堡林,2022-07-19 12:00,28.7,,1.3,290,80,.7,2.71,6,40
156,堡林,2022-07-19 13:00,29.8,,1.2,290,70,.8,2.95,7,42.3
156,堡林,2022-07-19 14:00,30.3,,1.8,290,68,.7,2.5,8,40.3
156,堡林,2022-07-19 15:00,30.2,,2,320,64,.7,2.25,3,39.6
156,堡林,2022-07-19 16:00,29.7,,1.9,340,69,1,2.45,6,38
156,堡林,2022-07-19 17:00,29.6,,1.5,270,66,1,2.03,5,36.1
156,堡林,2022-07-19 18:00,28.1,,2.3,270,71,.8,.98,8,30.1
156,堡林,2022-07-19 19:00,27.3,,1.4,290,78,.5,.47,7,28.1
156,堡林,2022-07-19 20:00,26,,.9,290,88,0,.12,6,25.4
156,堡林,2022-07-19 21:00,25.5,,.6,230,96,,,9,24.8
156,堡林,2022-07-19 22:00,25,,.2,0,98,,,6,24.3
156,堡林,2022-07-19 23:00,24.5,,.1,0,99,,,9,24.1
156,堡林,2022-07-20 00:00,24.2,,.2,0,99,,,7,23.6
156,堡林,2022-07-20 01:00,24,,0,0,99,,,8,23.5
156,堡林,2022-07-20 02:00,23.9,,.8,270,99,,,5,23.3
156,堡林,2022-07-20 03:00,23.3,,.4,0,99,,,8,23
156,堡林,2022-07-20 04:00,23,,.3,0,99,,,6,22.6
156,堡林,2022-07-20 05:00,23.1,,0,0,99,,,4,23.2
156,堡林,2022-07-20 06:00,23.3,,.1,0,99,0,.07,4,23.4
156,堡林,2022-07-20 07:00,23.5,,.1,0,99,.4,.39,4,24.4
156,堡林,2022-07-20 08:00,25.1,,1.3,70,99,1,1.12,8,28.9
156,堡林,2022-07-20 09:00,26.1,,.5,360,91,1,1.56,3,32
156,堡林,2022-07-20 10:00,27.9,,1.3,90,79,1,2.45,8,36.1
156,堡林,2022-07-20 11:00,29.1,,1.4,70,69,1,2.4,8,38.9
156,堡林,2022-07-20 12:00,30.1,,1.9,50,65,1,3.04,7,40.9
156,堡林,2022-07-20 13:00,30.3,,.1,0,59,.9,2.57,7,39.2
156,堡林,2022-07-20 14:00,31.8,,1.5,70,53,1,3.27,7,45.3
156,堡林,2022-07-20 15:00,31.8,,1.3,230,57,.9,2.27,4,41.6
156,堡林,2022-07-20 16:00,32.4,,1.9,230,57,1,2.58,4,45
156,堡林,2022-07-20 17:00,31.8,,2,270,50,.8,1.77,8,39.8
156,堡林,2022-07-20 18:00,30.8,,2.2,250,58,.2,.7,9,33.7
156,堡林,2022-07-20 19:00,29.2,,3.9,230,72,0,.23,10,30.6
156,堡林,2022-07-20 20:00,27.5,0,2.8,230,88,0,.07,10,28.7
156,堡林,2022-07-20 21:00,26.8,.1,1.3,230,93,,,10,27.3
156,堡林,2022-07-20 22:00,25.5,.7,.7,180,99,,,10,26.9
156,堡林,2022-07-20 23:00,25.5,,.8,160,99,,,10,26.4
156,堡林,2022-07-21 00:00,25.4,0,4.3,230,91,,,10,25.7
156,堡林,2022-07-21 01:00,22.3,1.2,3.6,200,98,,,10,24.2
156,堡林,2022-07-21 02:00,22.7,.6,2.5,180,99,,,10,23.9
156,堡林,2022-07-21 03:00,24.3,,2.2,180,99,,,10,24.5
156,堡林,2022-07-21 04:00,24.5,.1,2.2,230,99,,,10,25
156,堡林,2022-07-21 05:00,24.3,.4,1.6,230,99,,,10,25.1
156,堡林,2022-07-21 06:00,25.6,.1,4.6,200,99,0,.07,10,25.6
156,堡林,2022-07-21 07:00,26.2,,4.3,230,99,0,.12,10,26.1
156,堡林,2022-07-21 08:00,25.7,,5.7,230,98,0,.45,9,27.1
156,堡林,2022-07-21 09:00,25.2,,5.7,230,99,0,.42,7,27
156,堡林,2022-07-21 10:00,24.4,,4.7,230,99,0,.35,9,26.6
156,堡林,2022-07-21 11:00,24,.4,3.1,230,99,0,.32,10,26.8
156,堡林,2022-07-21 12:00,25.2,1,3.9,270,99,.2,1.19,7,31.9
156,堡林,2022-07-21 13:00,24.7,,2.6,270,99,0,.87,9,29.3
156,堡林,2022-07-21 14:00,24.8,,2,290,95,.1,1.43,9,29.7
156,堡林,2022-07-21 15:00,24.3,,2,320,94,0,.74,9,28.3
156,堡林,2022-07-21 16:00,24.7,,1.6,320,93,.2,1.15,8,29.8
156,堡林,2022-07-21 17:00,25.2,,1.7,20,84,.3,.88,7,30.2
156,堡林,2022-07-21 18:00,24.7,,1.2,320,85,.2,.72,9,26.4
156,堡林,2022-07-21 19:00,24.8,,1.5,320,89,0,.22,6,25.5
156,堡林,2022-07-21 20:00,24.6,,.9,320,90,0,.08,9,24.6
156,堡林,2022-07-21 21:00,24.3,,1.3,270,95,,,8,24.1
156,堡林,2022-07-21 22:00,24,,1,290,96,,,9,23.1
156,堡林,2022-07-21 23:00,23.9,,.7,250,97,,,6,22.7
156,堡林,2022-07-22 00:00,23.5,,.9,250,98,,,7,22.8
156,堡林,2022-07-22 01:00,22.6,,1.3,250,99,,,4,22.2
156,堡林,2022-07-22 02:00,22.7,,1,250,99,,,4,21.8
156,堡林,2022-07-22 03:00,22,,.7,160,99,,,3,21.6
156,堡林,2022-07-22 04:00,22.4,,.9,200,99,,,6,22.1
156,堡林,2022-07-22 05:00,22.2,,.9,180,99,,,8,21.8
156,堡林,2022-07-22 06:00,22.2,,1,200,99,0,.08,7,22.2
156,堡林,2022-07-22 07:00,22.9,,.9,180,99,.1,.26,4,23.4
156,堡林,2022-07-22 08:00,23.8,,.9,200,99,.8,.78,5,25.8
156,堡林,2022-07-22 09:00,24.7,,.4,0,97,.1,.6,6,26.7
156,堡林,2022-07-22 10:00,25.4,,1,250,86,.2,.99,7,28.3
156,堡林,2022-07-22 11:00,25.7,,.6,270,82,0,.77,9,28.2
156,堡林,2022-07-22 12:00,26,,.2,0,84,.1,1.23,9,29.4
156,堡林,2022-07-22 13:00,27.6,,.7,20,77,.3,1.7,8,35.4
156,堡林,2022-07-22 14:00,28.5,,.5,360,72,.5,1.83,7,37.5
156,堡林,2022-07-22 15:00,28.8,,1.1,290,64,.6,2.23,7,35.8
156,堡林,2022-07-22 16:00,28.9,,1.3,290,63,.6,1.85,6,34.5
156,堡林,2022-07-22 17:00,29.1,,1.2,320,65,.5,1.26,4,34.4
156,堡林,2022-07-22 18:00,27.9,,1.2,320,72,.2,.66,3,29.8
156,堡林,2022-07-22 19:00,27,,.9,290,82,.4,.42,3,27.1
156,堡林,2022-07-22 20:00,26.1,,.8,270,85,.1,.11,3,24.7
156,堡林,2022-07-22 21:00,25.3,,.9,250,92,,,0,23.6
156,堡林,2022-07-22 22:00,24.9,,.9,250,96,,,6,23.1
156,堡林,2022-07-22 23:00,24.2,,.3,0,97,,,6,22.7
156,堡林,2022-07-23 00:00,24.2,,0,0,98,,,2,22.6
156,堡林,2022-07-23 01:00,23.8,,.9,250,99,,,7,22.3
156,堡林,2022-07-23 02:00,23.1,,.7,160,99,,,5,21.9
156,堡林,2022-07-23 03:00,23.2,,.8,230,99,,,8,22.6
156,堡林,2022-07-23 04:00,23.1,,.6,180,99,,,9,23.2
156,堡林,2022-07-23 05:00,23,,.3,0,99,,,7,23.3
156,堡林,2022-07-23 06:00,22.8,,.8,160,99,0,.07,6,22.7
156,堡林,2022-07-23 07:00,23.1,,.1,0,99,.3,.34,2,23.9
156,堡林,2022-07-23 08:00,24.5,,.3,0,97,.6,.84,4,28.1
156,堡林,2022-07-23 09:00,25.5,,1.3,70,92,.9,1.58,6,32.3
156,堡林,2022-07-23 10:00,27.1,,2.3,180,79,.5,1.75,8,37.3
156,堡林,2022-07-23 11:00,27.6,,2.3,230,74,.4,1.84,10,36.9
156,堡林,2022-07-23 12:00,28.4,,2.5,230,74,.2,1.89,10,38.4
156,堡林,2022-07-23 13:00,27.9,,2.5,230,75,0,1.63,10,35
156,堡林,2022-07-23 14:00,27.7,0,2.8,200,80,0,.88,10,32.9
156,堡林,2022-07-23 15:00,27.4,,3,180,81,0,1.02,10,32.4
156,堡林,2022-07-23 16:00,26.9,0,2.4,180,82,0,.62,10,29.5
156,堡林,2022-07-23 17:00,26.4,0,1.5,160,90,0,.41,10,28.2
156,堡林,2022-07-23 18:00,26.5,0,1.3,200,82,0,.33,10,26.5
156,堡林,2022-07-23 19:00,23.2,13.9,2.2,200,99,0,.05,10,23.7
156,堡林,2022-07-23 20:00,22.8,5.7,1.9,180,99,0,.06,10,23.7
156,堡林,2022-07-23 21:00,23,.7,1.5,140,99,,,10,23.5
156,堡林,2022-07-23 22:00,23.6,0,3.8,200,99,,,10,23.6
156,堡林,2022-07-23 23:00,23.4,1.6,3,200,99,,,10,23.7
156,堡林,2022-07-24 00:00,23.8,.7,4,180,99,,,10,23.6
156,堡林,2022-07-24 01:00,23.4,11.1,2.2,320,99,,,10,23.5
156,堡林,2022-07-24 02:00,23.9,1.6,2.3,180,99,,,9,24
156,堡林,2022-07-24 03:00,24,.2,2,200,99,,,10,24.2
156,堡林,2022-07-24 04:00,24.2,0,1.9,250,99,,,5,24.5
156,堡林,2022-07-24 05:00,23.9,,3.8,230,99,,,8,24.3
156,堡林,2022-07-24 06:00,23.4,,2.5,230,99,0,.06,5,24
156,堡林,2022-07-24 07:00,23.5,,2.9,200,99,0,.12,5,24.4
156,堡林,2022-07-24 08:00,23.4,0,3.8,230,99,0,.29,10,25.1
156,堡林,2022-07-24 09:00,23.5,.4,2.3,230,99,0,.36,10,26.6
156,堡林,2022-07-24 10:00,24.3,0,2.2,250,99,0,.92,10,28.8
156,堡林,2022-07-24 11:00,24,0,2.7,230,99,0,.73,10,27.2
156,堡林,2022-07-24 12:00,24,.3,2.9,230,99,0,.72,10,28.5
156,堡林,2022-07-24 13:00,23.9,.4,2.1,230,99,0,.35,10,26.8
156,堡林,2022-07-24 14:00,24.1,.2,2.3,230,99,0,.43,10,27.1
156,堡林,2022-07-24 15:00,24.1,,2.2,250,99,0,.38,10,26.6
156,堡林,2022-07-24 16:00,24.3,,1.9,250,99,0,.43,10,26.8
156,堡林,2022-07-24 17:00,24.4,,1.6,250,99,0,.31,10,26.1
156,堡林,2022-07-24 18:00,24,,1.5,250,99,0,.13,10,25.4
156,堡林,2022-07-24 19:00,24.2,,1.4,250,99,0,.1,9,24.8
156,堡林,2022-07-24 20:00,24.1,,1.3,250,99,0,.07,9,24.5
156,堡林,2022-07-24 21:00,24,,.7,230,99,,,8,24.3
156,堡林,2022-07-24 22:00,24,,1.2,250,99,,,9,24.3
156,堡林,2022-07-24 23:00,23.8,,.3,0,99,,,10,24.1
156,堡林,2022-07-25 00:00,24,,.5,250,99,,,9,24
156,堡林,2022-07-25 01:00,23.5,,1.2,230,99,,,10,24.1
156,堡林,2022-07-25 02:00,23.6,,.7,230,99,,,10,24
156,堡林,2022-07-25 03:00,23.7,,.1,0,99,,,7,24
156,堡林,2022-07-25 04:00,23.8,,0,0,99,,,7,23.9
156,堡林,2022-07-25 05:00,23.5,,0,0,99,,,7,23.9
156,堡林,2022-07-25 06:00,23.6,,0,0,99,0,.06,8,23.9
156,堡林,2022-07-25 07:00,23.9,,.2,0,99,0,.16,9,24.9
156,堡林,2022-07-25 08:00,25.3,,.2,0,99,.5,.92,9,28.4
156,堡林,2022-07-25 09:00,25.5,,.5,50,97,0,.81,8,29.8
156,堡林,2022-07-25 10:00,26,,0,0,92,0,1.05,9,30.7
156,堡林,2022-07-25 11:00,27.3,,1.2,70,86,0,1.46,7,33.8
156,堡林,2022-07-25 12:00,27.9,,.3,0,80,0,1.89,9,35.3
156,堡林,2022-07-25 13:00,28.8,,.8,20,76,0,1.7,8,37.3
156,堡林,2022-07-25 14:00,29.7,,1.2,70,70,.6,2.8,7,41.8
156,堡林,2022-07-25 15:00,30.5,,1.2,360,67,.8,2.5,4,39.9
156,堡林,2022-07-25 16:00,31.1,,1.9,320,73,.5,1.54,5,39.2
156,堡林,2022-07-25 17:00,30.2,,1.2,340,77,.9,1.84,3,35.2
156,堡林,2022-07-25 18:00,30.4,,1.1,360,75,1,1.49,7,33.8
156,堡林,2022-07-25 19:00,29.1,,.9,360,81,1,.64,2,28.9
156,堡林,2022-07-25 20:00,27.5,,1.2,50,90,.2,.13,1,26.3
156,堡林,2022-07-25 21:00,26.8,,.7,50,93,,,0,25.3
156,堡林,2022-07-25 22:00,25.7,,1,50,98,,,2,24.7
156,堡林,2022-07-25 23:00,25.3,,.4,0,99,,,1,24.2
156,堡林,2022-07-26 00:00,25.2,,.9,230,99,,,0,23.9
156,堡林,2022-07-26 01:00,25.2,,.4,0,99,,,5,24.5
156,堡林,2022-07-26 02:00,24.8,,.4,0,99,,,6,23.7
156,堡林,2022-07-26 03:00,24.3,,0,0,99,,,3,23.3
156,堡林,2022-07-26 04:00,24.3,,0,0,99,,,1,23
156,堡林,2022-07-26 05:00,24,,0,0,99,,,0,22.8
156,堡林,2022-07-26 06:00,24,,0,0,99,0,.07,2,24
156,堡林,2022-07-26 07:00,24.4,,.8,70,99,.6,.39,2,24.9
156,堡林,2022-07-26 08:00,25.4,,1.4,230,99,.4,.7,2,28
156,堡林,2022-07-26 09:00,26.8,,.5,360,94,.4,1.21,8,31.1
156,堡林,2022-07-26 10:00,27.5,,.6,320,90,.1,1.38,8,33.5
156,堡林,2022-07-26 11:00,28.5,,.9,200,85,.3,1.83,7,35.5
156,堡林,2022-07-26 12:00,29.6,,1.4,230,80,.3,2.03,8,39.1
156,堡林,2022-07-26 13:00,29.2,,2.1,230,80,.2,1.51,8,36.5
156,堡林,2022-07-26 14:00,30.4,,.9,250,78,.4,1.73,7,37.7
156,堡林,2022-07-26 15:00,30.9,,2.5,200,68,.7,2.31,8,39.8
156,堡林,2022-07-26 16:00,31.2,,1.5,200,67,.6,1.8,6,38.3
156,堡林,2022-07-26 17:00,31.3,,2.6,200,70,.4,1.11,6,36.9
156,堡林,2022-07-26 18:00,29.8,,2.6,200,70,.8,1.01,4,33
156,堡林,2022-07-26 19:00,29.3,,2,200,72,.4,.39,0,29.4
156,堡林,2022-07-26 20:00,28.1,,1.8,200,79,0,.09,5,27.2
156,堡林,2022-07-26 21:00,27.4,,2,230,86,,,6,26.5
156,堡林,2022-07-26 22:00,26.3,,2.3,230,96,,,6,25.4
156,堡林,2022-07-26 23:00,25.8,,1.9,230,97,,,5,24.7
156,堡林,2022-07-27 00:00,25.2,,1,230,97,,,5,24.2
156,堡林,2022-07-27 01:00,24.9,,2.4,200,97,,,6,23.7
156,堡林,2022-07-27 02:00,24,,0,0,98,,,2,23
156,堡林,2022-07-27 03:00,24,,1,50,99,,,2,22.7
156,堡林,2022-07-27 04:00,23.2,,1.1,70,99,,,3,22.2
156,堡林,2022-07-27 05:00,23.1,,0,0,99,,,1,21.7
156,堡林,2022-07-27 06:00,23.2,,.5,70,99,0,.07,2,21.7
156,堡林,2022-07-27 07:00,23.7,,.5,360,99,.7,.44,5,23.6
156,堡林,2022-07-27 08:00,25.3,,.7,70,92,1,.98,3,27.2
156,堡林,2022-07-27 09:00,27,,.4,0,82,1,1.81,5,31.8
156,堡林,2022-07-27 10:00,28,,.3,0,75,1,2.31,3,37.1
156,堡林,2022-07-27 11:00,29.5,,1.2,70,67,1,2.83,6,41.8
156,堡林,2022-07-27 12:00,30.2,,3.3,200,62,.9,3,6,44.7
156,堡林,2022-07-27 13:00,31.1,,2.3,180,62,1,3.45,6,46.1
156,堡林,2022-07-27 14:00,31.3,,3.4,200,58,1,3.42,7,49.2
156,堡林,2022-07-27 15:00,31.3,,2.1,180,61,1,2.81,7,46.2
156,堡林,2022-07-27 16:00,30.7,,2,180,64,.5,1.95,7,40.7
156,堡林,2022-07-27 17:00,29.7,,2.4,180,67,.5,1.17,7,36.1
156,堡林,2022-07-27 18:00,29.6,,3.1,180,67,.3,.69,7,34.6
156,堡林,2022-07-27 19:00,28.5,,2.4,180,73,.4,.5,8,31.2
156,堡林,2022-07-27 20:00,27.6,,2.3,180,78,0,.11,8,28.4
156,堡林,2022-07-27 21:00,27.2,,1.8,180,79,,,7,26.9
156,堡林,2022-07-27 22:00,26.8,,1.3,180,82,,,8,26.1
156,堡林,2022-07-27 23:00,26.4,,1.5,180,87,,,6,25.5
156,堡林,2022-07-28 00:00,25.8,,.4,0,91,,,6,25.1
156,堡林,2022-07-28 01:00,25.4,,.4,0,93,,,6,24.7
156,堡林,2022-07-28 02:00,25.2,,.1,0,96,,,6,24.3
156,堡林,2022-07-28 03:00,24.9,,.2,0,97,,,5,24
156,堡林,2022-07-28 04:00,24.5,,.4,0,98,,,3,23.6
156,堡林,2022-07-28 05:00,24.5,,.2,0,99,,,3,23.3
156,堡林,2022-07-28 06:00,23.8,,.3,0,99,0,.07,3,23.3
156,堡林,2022-07-28 07:00,24.6,,0,0,98,.7,.37,0,24.7
156,堡林,2022-07-28 08:00,26.7,,.1,0,91,1,1,0,28.2
156,堡林,2022-07-28 09:00,27.9,,.6,20,81,1,1.72,0,33.2
156,堡林,2022-07-28 10:00,29.2,,.6,50,77,1,2.3,2,38
156,堡林,2022-07-28 11:00,30.6,,3.8,200,71,.8,2.27,0,41.8
156,堡林,2022-07-28 12:00,31.7,,1.9,180,62,1,3.18,0,47
156,堡林,2022-07-28 13:00,32.3,,3.2,200,62,1,3.42,0,50.7
156,堡林,2022-07-28 14:00,32.4,,4,200,60,1,3.42,0,52.5
156,堡林,2022-07-28 15:00,32.6,,3.9,180,55,1,3.08,0,52.3
156,堡林,2022-07-28 16:00,32.5,,2.1,140,57,1,2.56,0,49.7
156,堡林,2022-07-28 17:00,32.3,,3.3,200,61,1,2,1,45.7
156,堡林,2022-07-28 18:00,31.3,,2.8,200,65,1,1.3,3,39.8
156,堡林,2022-07-28 19:00,30,,1.6,140,72,.8,.44,2,33
156,堡林,2022-07-28 20:00,28.9,,1.1,140,79,.1,.1,5,30.1
156,堡林,2022-07-28 21:00,28.6,,1.7,180,81,,,7,28.6
156,堡林,2022-07-28 22:00,28,,1.4,200,87,,,3,27.8
156,堡林,2022-07-28 23:00,27.7,,1.2,90,89,,,2,27.2
156,堡林,2022-07-29 00:00,27.4,,.8,230,94,,,2,26.7
156,堡林,2022-07-29 01:00,26.9,,.6,140,96,,,2,26.3
156,堡林,2022-07-29 02:00,26.5,,1,70,98,,,2,25.9
156,堡林,2022-07-29 03:00,26.3,,1.2,90,98,,,2,25.6
156,堡林,2022-07-29 04:00,26.3,,.2,0,97,,,2,25.2
156,堡林,2022-07-29 05:00,25.8,,1,50,99,,,2,24.9
156,堡林,2022-07-29 06:00,25.6,,.8,50,99,0,.06,0,24.8
156,堡林,2022-07-29 07:00,26.2,,1.4,50,98,.8,.4,0,25.5
156,堡林,2022-07-29 08:00,27.9,,2.5,70,91,1,1.08,2,29.5
156,堡林,2022-07-29 09:00,30.2,,1.3,70,80,1,1.89,3,36.2
156,堡林,2022-07-29 10:00,32,,1.7,70,68,1,2.77,7,45.4
156,堡林,2022-07-29 11:00,32.7,,1.8,90,63,1,2.45,3,48
156,堡林,2022-07-29 12:00,33.3,,1.4,110,68,.9,3.08,6,51.1
156,堡林,2022-07-29 13:00,33.4,,2.2,90,59,.8,2.54,5,50.5
156,堡林,2022-07-29 14:00,34.4,,1.7,160,58,.7,2.21,2,53.5
156,堡林,2022-07-29 15:00,34.4,,1.4,90,57,.8,2.06,4,52.8
156,堡林,2022-07-29 16:00,33.5,,2,90,58,.7,1.34,5,44.1
156,堡林,2022-07-29 17:00,34.2,,1.2,90,59,.9,1.68,2,45.9
156,堡林,2022-07-29 18:00,33.5,,1.5,140,59,1,1.29,3,40
156,堡林,2022-07-29 19:00,32.2,,1.1,90,63,.3,.32,4,33.4
156,堡林,2022-07-29 20:00,31,,1.6,110,70,.1,.08,6,30.8
156,堡林,2022-07-29 21:00,30.5,,1.2,110,73,,,0,29.4
156,堡林,2022-07-29 22:00,29.9,,2,90,70,,,3,28.2
156,堡林,2022-07-29 23:00,29.6,,1.9,70,70,,,3,27.6
156,堡林,2022-07-30 00:00,28.8,,1.6,70,75,,,2,27.1
156,堡林,2022-07-30 01:00,28.3,,2,70,77,,,3,26.5
156,堡林,2022-07-30 02:00,28.2,,1.7,50,80,,,3,26.1
156,堡林,2022-07-30 03:00,27.5,,1.7,50,82,,,0,25.7
156,堡林,2022-07-30 04:00,26.5,,2.3,70,89,,,0,25.2
156,堡林,2022-07-30 05:00,26.3,,1.1,50,90,,,0,24.9
156,堡林,2022-07-30 06:00,26.6,,1.2,20,91,0,.06,2,25
156,堡林,2022-07-30 07:00,27.4,,1.4,70,87,.7,.38,4,25.8
156,堡林,2022-07-30 08:00,28.5,,2.4,70,84,1,1.05,5,30.1
156,堡林,2022-07-30 09:00,29.9,,1.7,90,75,.5,1.17,7,33.4
156,堡林,2022-07-30 10:00,29.8,,2.6,90,73,.3,1.34,8,36.2
156,堡林,2022-07-30 11:00,30,,1.6,70,72,.1,1.26,7,37.8
156,堡林,2022-07-30 12:00,30,,2.4,110,75,.2,1.47,10,38.6
156,堡林,2022-07-30 13:00,29.6,,3.1,90,78,0,1.01,10,37.5
156,堡林,2022-07-30 14:00,28.8,0,2.1,70,85,0,.8,10,33.6
156,堡林,2022-07-30 15:00,28.3,0,2.2,70,93,0,.65,10,32.4
156,堡林,2022-07-30 16:00,28.2,0,1.8,70,92,0,.62,10,31.1
156,堡林,2022-07-30 17:00,28.7,0,1.5,70,90,0,.51,10,31.6
156,堡林,2022-07-30 18:00,28.9,0,1.9,70,87,0,.51,10,31.5
156,堡林,2022-07-30 19:00,29.1,,1.8,90,83,0,.31,8,29.8
156,堡林,2022-07-30 20:00,28.6,,1.6,70,86,0,.1,8,27.8
156,堡林,2022-07-30 21:00,28.7,,2.3,90,83,,,8,27.2
156,堡林,2022-07-30 22:00,28.7,,1.4,90,83,,,10,27.2
156,堡林,2022-07-30 23:00,28.2,,1.6,70,86,,,10,27.1
156,堡林,2022-07-31 00:00,28.1,0,2.1,70,87,,,10,26.8
156,堡林,2022-07-31 01:00,28.2,0,1.7,70,87,,,10,26.7
156,堡林,2022-07-31 02:00,27.6,0,1,90,93,,,10,26.3
156,堡林,2022-07-31 03:00,27.9,0,1.6,90,91,,,8,26.1
156,堡林,2022-07-31 04:00,27.6,,1.9,70,93,,,9,26.2
156,堡林,2022-07-31 05:00,26.4,0,1.7,90,99,,,10,26.1
156,堡林,2022-07-31 06:00,25.4,1.6,1.3,110,99,0,.05,10,25.9
156,堡林,2022-07-31 07:00,26.1,0,1.4,90,99,0,.19,10,26.8
156,堡林,2022-07-31 08:00,26.7,0,2.5,140,99,0,.42,10,27.9
156,堡林,2022-07-31 09:00,27.3,0,2.6,110,97,0,.56,10,28.9
156,堡林,2022-07-31 10:00,27.5,0,1.2,90,97,0,.58,10,29.1
156,堡林,2022-07-31 11:00,26.9,0,1.7,70,99,0,.64,10,29.1
156,堡林,2022-07-31 12:00,25.7,4.9,.9,90,99,0,.23,10,27.5
156,堡林,2022-07-31 13:00,26,1.9,1.9,160,99,0,.53,10,28.5
156,堡林,2022-07-31 14:00,26,1,2.1,180,99,0,.64,10,28.7
156,堡林,2022-07-31 15:00,26.8,.1,3.7,180,99,0,1.13,10,31.3
156,堡林,2022-07-31 16:00,27.6,,3.3,180,97,0,1.34,10,32
156,堡林,2022-07-31 17:00,27,0,3.1,180,99,0,.51,10,29.3
156,堡林,2022-07-31 18:00,25.9,.6,2.6,180,99,0,.48,10,27.9
156,堡林,2022-07-31 19:00,26.5,0,3.3,180,99,0,.23,10,27.3
156,堡林,2022-07-31 20:00,26.2,1.3,3.7,180,99,0,.09,10,25.9
156,堡林,2022-07-31 21:00,26.4,.1,2.2,160,99,,,9,25.9
156,堡林,2022-07-31 22:00,26.8,.3,3,180,99,,,10,26
156,堡林,2022-07-31 23:00,25.8,7.1,2.2,200,99,,,10,25.9
156,堡林,2022-08-01 00:00,26,7.5,3.2,180,99,,,10,25.8
156,堡林,2022-08-01 01:00,26.5,.3,4.1,180,99,,,10,25.8
156,堡林,2022-08-01 02:00,27.2,0,4.5,180,99,,,8,25.8
156,堡林,2022-08-01 03:00,27.3,,3.9,200,99,,,8,25.8
156,堡林,2022-08-01 04:00,27.2,0,3.8,180,99,,,10,25.8
156,堡林,2022-08-01 05:00,26.4,.4,2.8,180,99,,,10,25.7
156,堡林,2022-08-01 06:00,25.8,.1,2.1,180,99,0,.06,10,25.7
156,堡林,2022-08-01 07:00,25.7,.7,1.5,180,99,0,.11,10,26.1
156,堡林,2022-08-01 08:00,26.9,0,2,180,99,0,.35,10,27.9
156,堡林,2022-08-01 09:00,27.9,,1.4,180,99,.1,.93,7,30.1
156,堡林,2022-08-01 10:00,28.9,0,3.3,180,97,.4,1.36,8,33.9
156,堡林,2022-08-01 11:00,29.1,0,1.8,110,97,0,1.09,9,33
156,堡林,2022-08-01 12:00,28.3,0,2.6,160,97,0,1.09,10,31.5
156,堡林,2022-08-01 13:00,29.1,0,3,140,93,0,1.25,10,32.6
156,堡林,2022-08-01 14:00,28.9,0,1.2,110,95,0,1.04,10,31.4
156,堡林,2022-08-01 15:00,29,,1.3,110,97,0,.83,8,32.1
156,堡林,2022-08-01 16:00,28.8,,2.7,110,97,0,.9,8,30.4
156,堡林,2022-08-01 17:00,28.7,,4,180,97,0,.41,7,29
156,堡林,2022-08-01 18:00,28.4,,4.7,200,98,0,.32,5,27.8
156,堡林,2022-08-01 19:00,28.3,,3.5,200,98,0,.19,6,27.6
156,堡林,2022-08-01 20:00,27.9,,2.8,200,99,0,.07,7,26.9
156,堡林,2022-08-01 21:00,27.5,,3.1,180,99,,,3,26.3
156,堡林,2022-08-01 22:00,27.4,0,3.2,200,98,,,10,26.2
156,堡林,2022-08-01 23:00,26.7,0,3,200,99,,,10,26.2
156,堡林,2022-08-02 00:00,26.9,0,2.8,200,99,,,9,25.7
156,堡林,2022-08-02 01:00,27,,1.9,200,99,,,9,25.9
156,堡林,2022-08-02 02:00,26.5,0,3.3,200,99,,,10,25.9
156,堡林,2022-08-02 03:00,26.3,0,1.7,200,99,,,10,26
156,堡林,2022-08-02 04:00,25.8,.7,2.4,180,99,,,10,25.9
156,堡林,2022-08-02 05:00,25.6,.2,2,180,99,,,10,25.9
156,堡林,2022-08-02 06:00,25.7,.3,1.9,180,99,0,.07,8,25.7
156,堡林,2022-08-02 07:00,26.1,,2.3,180,99,0,.18,8,26.7
156,堡林,2022-08-02 08:00,26.1,.3,1.9,270,99,0,.48,10,27.7
156,堡林,2022-08-02 09:00,27.3,0,2.8,230,99,.2,.59,7,30.1
156,堡林,2022-08-02 10:00,28.7,,3.5,200,97,.7,1.92,8,34.5
156,堡林,2022-08-02 11:00,28.5,,3.5,230,98,.1,1.26,9,33
156,堡林,2022-08-02 12:00,28.5,.2,3.3,230,99,.3,1.56,9,34.2
156,堡林,2022-08-02 13:00,29.3,,2.9,230,97,.1,1.68,9,34.5
156,堡林,2022-08-02 14:00,29.1,,2.9,230,97,.1,1.01,6,33.8
156,堡林,2022-08-02 15:00,30.2,,3.2,230,89,.5,2.07,8,36.5
156,堡林,2022-08-02 16:00,30.1,,2.1,250,87,.3,1.33,8,34.3
156,堡林,2022-08-02 17:00,31.4,,2.8,270,76,.6,1.49,8,35.5
156,堡林,2022-08-02 18:00,30.7,,2.4,270,81,.4,.75,8,31.7
156,堡林,2022-08-02 19:00,29.7,,1.3,250,84,.9,.6,7,29.1
156,堡林,2022-08-02 20:00,28.5,,1.9,230,98,.2,.11,5,27.7
156,堡林,2022-08-02 21:00,28.1,,1.5,250,97,,,5,26.6
156,堡林,2022-08-02 22:00,27.6,,2,230,98,,,3,26.5
156,堡林,2022-08-02 23:00,27.1,,.9,230,99,,,6,26
156,堡林,2022-08-03 00:00,27,,1.2,200,99,,,3,25.8
156,堡林,2022-08-03 01:00,26.2,2.6,1.3,250,99,,,10,26.4
156,堡林,2022-08-03 02:00,25.9,0,1,230,99,,,5,25.9
156,堡林,2022-08-03 03:00,26.2,.1,.4,0,99,,,8,26.3
156,堡林,2022-08-03 04:00,26,,.8,200,99,,,10,26.1
156,堡林,2022-08-03 05:00,25.7,.1,.7,200,99,,,10,26.2
156,堡林,2022-08-03 06:00,25.9,.1,.6,180,99,0,.06,7,25.9
156,堡林,2022-08-03 07:00,26.3,,.9,180,99,.1,.25,6,27
156,堡林,2022-08-03 08:00,27.8,,1.1,180,99,.5,.78,5,30.5
156,堡林,2022-08-03 09:00,28.1,,.3,0,99,.1,.74,7,30.5
156,堡林,2022-08-03 10:00,29.8,,.5,270,90,.4,1.42,5,34.8
156,堡林,2022-08-03 11:00,26.2,7.3,1.5,250,99,.1,.81,10,28.8
156,堡林,2022-08-03 12:00,28.1,0,1.6,230,99,.4,1.68,8,37.1
156,堡林,2022-08-03 13:00,29.3,,1.9,250,99,.2,1.97,8,38.9
156,堡林,2022-08-03 14:00,29.2,,2.7,230,99,.1,1.76,8,37.4
156,堡林,2022-08-03 15:00,30.9,,2.1,250,86,.4,2.05,8,38.4
156,堡林,2022-08-03 16:00,30,1.2,.7,50,99,.5,1.72,8,39.7
156,堡林,2022-08-03 17:00,29.6,,1.1,340,97,.6,1.71,8,36.6
156,堡林,2022-08-03 18:00,29.4,,1.6,250,98,.5,.87,8,32
156,堡林,2022-08-03 19:00,28.9,0,2.6,270,98,.5,.44,8,29.8
156,堡林,2022-08-03 20:00,28.4,,.9,270,99,.1,.1,8,28.1
156,堡林,2022-08-03 21:00,27.9,,1.3,250,99,,,7,27.9
156,堡林,2022-08-03 22:00,27.3,,1.8,230,99,,,7,27
156,堡林,2022-08-03 23:00,26.9,,1.6,230,99,,,6,26.6
156,堡林,2022-08-04 00:00,26.8,,1.7,230,99,,,6,26.9
156,堡林,2022-08-04 01:00,26.8,,2.1,230,99,,,6,26.7
156,堡林,2022-08-04 02:00,26.6,,1.6,230,99,,,5,26.6
156,堡林,2022-08-04 03:00,26.4,,.9,230,99,,,3,26.3
156,堡林,2022-08-04 04:00,26.5,,1.4,230,99,,,7,26.6
156,堡林,2022-08-04 05:00,26.4,,.5,230,99,,,5,26.3
156,堡林,2022-08-04 06:00,26.5,,.5,200,99,0,.06,6,26.6
156,堡林,2022-08-04 07:00,26.9,,.6,180,99,.3,.29,4,27.6
156,堡林,2022-08-04 08:00,27.5,,1.1,230,99,.2,.57,8,29.4
156,堡林,2022-08-04 09:00,28.7,,1.3,250,98,.5,1.19,8,32.7
156,堡林,2022-08-04 10:00,30,,1.4,230,91,.8,1.92,9,37.8
156,堡林,2022-08-04 11:00,30.6,,1.9,250,80,.8,2.53,7,37.8
156,堡林,2022-08-04 12:00,30.8,,1.5,250,79,.7,2.8,7,37.2
156,堡林,2022-08-04 13:00,31.5,,1.1,340,77,.4,2.25,8,38.9
156,堡林,2022-08-04 14:00,31.3,,2.4,270,82,.4,1.83,9,38.6
156,堡林,2022-08-04 15:00,32.4,,.8,320,72,.9,2.61,7,39.9
156,堡林,2022-08-04 16:00,32.9,,1.9,250,77,.7,1.94,8,41
156,堡林,2022-08-04 17:00,32.6,,2.2,250,71,1,2.2,7,38.6
156,堡林,2022-08-04 18:00,31.5,,2,270,83,.6,.97,7,34.9
156,堡林,2022-08-04 19:00,30.3,,2.6,270,87,.9,.61,7,30.7
156,堡林,2022-08-04 20:00,29.2,,1.8,250,91,.1,.11,4,28.2
156,堡林,2022-08-04 21:00,28.8,,2,270,96,,,2,28.1
156,堡林,2022-08-04 22:00,28.1,,1.8,230,99,,,2,27.6
156,堡林,2022-08-04 23:00,27.7,,1,250,99,,,2,26.7
156,堡林,2022-08-05 00:00,27.1,,2.1,230,99,,,2,26.1
156,堡林,2022-08-05 01:00,27,,1.5,200,99,,,2,26.3
156,堡林,2022-08-05 02:00,26.8,,1.5,230,99,,,1,26.4
156,堡林,2022-08-05 03:00,27,,1.6,230,99,,,4,26.6
156,堡林,2022-08-05 04:00,26.9,,1.6,230,99,,,4,26.5
156,堡林,2022-08-05 05:00,26.7,,1.6,230,99,,,6,26.4
156,堡林,2022-08-05 06:00,26.7,0,1.4,230,99,0,.06,8,26.8
156,堡林,2022-08-05 07:00,27.1,,1.8,230,99,0,.22,6,28
156,堡林,2022-08-05 08:00,27.4,,2.9,230,99,0,.37,9,28.9
156,堡林,2022-08-05 09:00,28.3,,2.1,230,99,0,.67,9,31.4
156,堡林,2022-08-05 10:00,29.5,,1.8,250,98,.1,.98,7,34.5
156,堡林,2022-08-05 11:00,30.7,,2.9,250,83,.6,1.98,7,37.4
156,堡林,2022-08-05 12:00,31,,2,250,81,.2,1.61,9,37.4
156,堡林,2022-08-05 13:00,30.8,,3,230,83,.3,1.66,9,36.6
156,堡林,2022-08-05 14:00,32.5,,2.4,250,74,.4,1.84,6,44
156,堡林,2022-08-05 15:00,32.3,,2.7,250,82,.7,2.03,8,42.8
156,堡林,2022-08-05 16:00,32,,3.2,230,83,.6,1.65,7,42.3
156,堡林,2022-08-05 17:00,31.3,,2.7,250,84,.6,1.14,5,36.4
156,堡林,2022-08-05 18:00,30.6,,2.9,230,88,.4,.66,3,32.5
156,堡林,2022-08-05 19:00,29.8,,2.9,250,91,.9,.45,3,30.4
156,堡林,2022-08-05 20:00,29.2,,1.9,250,98,0,.08,2,29.1
156,堡林,2022-08-05 21:00,28.6,,2,250,99,,,3,28
156,堡林,2022-08-05 22:00,28.4,,1.6,250,99,,,1,28.2
156,堡林,2022-08-05 23:00,28.1,,1.4,250,99,,,4,28
156,堡林,2022-08-06 00:00,27.8,,1.6,250,99,,,7,27.8
156,堡林,2022-08-06 01:00,27.6,,1,250,99,,,5,27.8
156,堡林,2022-08-06 02:00,27.6,,1.6,230,99,,,7,27.5
156,堡林,2022-08-06 03:00,27.5,,1.9,230,99,,,7,27.1
156,堡林,2022-08-06 04:00,27.4,,1.7,230,99,,,7,27.3
156,堡林,2022-08-06 05:00,27.3,,1.8,230,99,,,8,27.2
156,堡林,2022-08-06 06:00,27.3,,1.3,230,99,0,.06,8,27.2
156,堡林,2022-08-06 07:00,27.6,,1.5,230,99,0,.26,9,28.3
156,堡林,2022-08-06 08:00,28.5,,1.3,250,99,.1,.63,7,31
156,堡林,2022-08-06 09:00,29.3,,1.2,250,97,.4,1.21,8,34.1
156,堡林,2022-08-06 10:00,29.8,,1.8,230,97,.3,1.05,8,34.1
156,堡林,2022-08-06 11:00,30,,1.4,250,94,.3,1.48,8,35.3
156,堡林,2022-08-06 12:00,31.3,,1.4,290,84,.5,1.99,7,41.9
156,堡林,2022-08-06 13:00,32.7,,1.8,250,83,.8,2.71,6,49
156,堡林,2022-08-06 14:00,33.1,,1.7,270,75,.7,2.44,6,47.7
156,堡林,2022-08-06 15:00,33.4,,2.6,230,74,.9,2.87,6,51.2
156,堡林,2022-08-06 16:00,32.9,,3,230,79,.8,2.22,5,44.5
156,堡林,2022-08-06 17:00,32.8,,2.2,250,76,.8,1.44,7,42
156,堡林,2022-08-06 18:00,32.7,,2.6,230,80,.6,.91,6,38.3
156,堡林,2022-08-06 19:00,31.4,,2.3,230,84,.5,.45,3,33.7
156,堡林,2022-08-06 20:00,30.3,,2.2,230,93,0,.08,3,30.8
156,堡林,2022-08-06 21:00,29.6,,2.9,230,99,,,5,29.8
156,堡林,2022-08-06 22:00,28.8,,2.7,230,99,,,2,28.8
156,堡林,2022-08-06 23:00,28.1,,2.8,230,98,,,4,27.9
156,堡林,2022-08-07 00:00,28,,1.3,250,99,,,8,27.6
156,堡林,2022-08-07 01:00,27.9,,1.1,250,99,,,2,27.4
156,堡林,2022-08-07 02:00,27.6,,.9,230,99,,,1,27.5
156,堡林,2022-08-07 03:00,27.5,,2.1,230,99,,,2,26.9
156,堡林,2022-08-07 04:00,27.7,,2.1,200,99,,,8,27.3
156,堡林,2022-08-07 05:00,27.6,,1.8,200,99,,,7,27.6
156,堡林,2022-08-07 06:00,27.8,,1.5,200,99,0,.06,8,27.5
156,堡林,2022-08-07 07:00,27.9,,.9,200,99,0,.2,4,28.3
156,堡林,2022-08-07 08:00,28.8,,1.6,230,99,.2,.53,8,30.7
156,堡林,2022-08-07 09:00,29.8,,2.3,200,93,.7,1.39,2,35.1
156,堡林,2022-08-07 10:00,31.1,,1.7,230,86,.9,1.9,7,41.3
156,堡林,2022-08-07 11:00,32.5,,1.9,230,81,.8,2.52,8,47.5
156,堡林,2022-08-07 12:00,33.1,,2.4,230,75,.6,2.1,8,51.4
156,堡林,2022-08-07 13:00,33.6,,2.4,230,73,.9,3.15,7,56.1
156,堡林,2022-08-07 14:00,33,,3.1,250,77,.9,2.85,7,53.9
156,堡林,2022-08-07 15:00,33.2,,5,230,67,.9,2.7,8,52.4
156,堡林,2022-08-07 16:00,32.6,,3.9,250,73,1,2.41,8,51.6
156,堡林,2022-08-07 17:00,32.1,,3.8,250,75,1,1.68,8,43.8
156,堡林,2022-08-07 18:00,30.9,,3.1,250,84,.3,.71,8,36.5
156,堡林,2022-08-07 19:00,30.1,,3,230,89,0,.32,9,32.9
156,堡林,2022-08-07 20:00,29.1,,3.1,230,96,0,.07,9,30.4
156,堡林,2022-08-07 21:00,28.6,,1.3,230,98,,,4,29.3
156,堡林,2022-08-07 22:00,28.7,,2.3,200,94,,,8,28.6
156,堡林,2022-08-07 23:00,28.4,,2.9,230,96,,,9,28.7
156,堡林,2022-08-08 00:00,28.4,,2.4,200,97,,,7,28.4
156,堡林,2022-08-08 01:00,28.2,,3.3,230,97,,,8,28.2
156,堡林,2022-08-08 02:00,28,,3,230,98,,,8,27.9
156,堡林,2022-08-08 03:00,27.9,,2.9,230,98,,,8,27.2
156,堡林,2022-08-08 04:00,27.8,,2.5,230,97,,,3,27.2
156,堡林,2022-08-08 05:00,27.8,,1.9,200,97,,,6,27.3
156,堡林,2022-08-08 06:00,27.4,,3,230,98,0,.06,6,26.4
156,堡林,2022-08-08 07:00,27.6,,3.7,230,98,0,.17,6,27
156,堡林,2022-08-08 08:00,28.4,,3,230,97,.3,.67,5,31.2
156,堡林,2022-08-08 09:00,29,,5.6,230,94,.2,1.06,8,34.6
156,堡林,2022-08-08 10:00,30.1,,5.3,230,85,.7,1.76,9,40.4
156,堡林,2022-08-08 11:00,30.8,,4.8,230,75,1,2.44,8,46.4
156,堡林,2022-08-08 12:00,30.6,,4.9,230,80,.4,1.96,8,43.3
156,堡林,2022-08-08 13:00,30.8,,4.9,230,81,0,1.83,8,44.2
156,堡林,2022-08-08 14:00,31.5,,3.2,230,77,.6,2.06,8,46.4
156,堡林,2022-08-08 15:00,30.8,,4.7,230,80,.2,1.8,8,43.3
156,堡林,2022-08-08 16:00,30.6,,3.8,230,82,0,1.32,10,40.5
156,堡林,2022-08-08 17:00,29.9,,3.2,250,85,0,.79,10,36.6
156,堡林,2022-08-08 18:00,29.5,,3,250,85,0,.5,10,33.8
156,堡林,2022-08-08 19:00,28.9,,4,230,90,0,.22,9,31.1
156,堡林,2022-08-08 20:00,28.4,,3,230,93,0,.07,9,29.1
156,堡林,2022-08-08 21:00,28,,2.7,230,95,,,10,28.2
156,堡林,2022-08-08 22:00,27.8,,3.2,230,96,,,7,27.8
156,堡林,2022-08-08 23:00,27.7,,2.6,230,94,,,5,27.6
156,堡林,2022-08-09 00:00,27.4,,2.8,200,97,,,5,27.3
156,堡林,2022-08-09 01:00,27.4,,2,200,97,,,5,27.4
156,堡林,2022-08-09 02:00,27.2,,3.2,230,98,,,8,27.3
156,堡林,2022-08-09 03:00,27.3,,2.3,230,98,,,8,27.3
156,堡林,2022-08-09 04:00,27.1,,2.5,230,99,,,7,26.7
156,堡林,2022-08-09 05:00,27,,3.3,230,99,,,8,26.9
156,堡林,2022-08-09 06:00,26.8,,2.4,230,99,0,.05,10,26.6
156,堡林,2022-08-09 07:00,26.9,,2.8,200,99,0,.13,10,27.1
156,堡林,2022-08-09 08:00,27.6,,3.2,230,98,0,.35,10,29.5
156,堡林,2022-08-09 09:00,28.5,,3.1,230,96,.2,.76,9,33.2
156,堡林,2022-08-09 10:00,29.1,,4.1,230,93,.5,1.17,7,35.6
156,堡林,2022-08-09 11:00,31.7,,3.8,230,84,.7,2.3,8,48.7
156,堡林,2022-08-09 12:00,31.1,,5,230,79,.4,2.36,8,45.9
156,堡林,2022-08-09 13:00,31.4,,4.4,250,80,.4,2.02,8,46.3
156,堡林,2022-08-09 14:00,31.7,,4.5,250,79,.7,2.28,8,49.4
156,堡林,2022-08-09 15:00,31,,5.1,230,79,0,1.68,10,43.7
156,堡林,2022-08-09 16:00,30.7,,4.8,230,84,.1,1.44,10,42.6
156,堡林,2022-08-09 17:00,30.2,,4.7,230,83,.4,1.24,8,39.4
156,堡林,2022-08-09 18:00,29.5,,3.6,230,89,.1,.75,8,35.1
156,堡林,2022-08-09 19:00,28.9,,4.4,230,88,0,.25,8,31.1
156,堡林,2022-08-09 20:00,28.3,,3.9,230,93,0,.07,9,29
156,堡林,2022-08-09 21:00,28,,2.7,230,94,,,8,28.3
156,堡林,2022-08-09 22:00,28.1,,2.2,230,91,,,8,27.9
156,堡林,2022-08-09 23:00,28,,1.8,230,92,,,9,28.3
156,堡林,2022-08-10 00:00,27.6,,2.5,200,95,,,7,27.8
156,堡林,2022-08-10 01:00,27.4,,3.3,230,96,,,10,27
156,堡林,2022-08-10 02:00,27.5,,3.6,230,95,,,10,27.3
156,堡林,2022-08-10 03:00,27.2,,3.3,230,97,,,7,27
156,堡林,2022-08-10 04:00,27.1,,2.9,230,99,,,7,26.6
156,堡林,2022-08-10 05:00,26.9,,3.5,230,99,,,8,26.7
156,堡林,2022-08-10 06:00,26.8,,2.9,230,99,0,.05,10,26.8
156,堡林,2022-08-10 07:00,27,,3.2,230,99,0,.12,10,27.5
156,堡林,2022-08-10 08:00,27.6,,3.8,230,98,0,.38,10,30
156,堡林,2022-08-10 09:00,28.1,,3.2,230,97,0,.67,10,32.3
156,堡林,2022-08-10 10:00,28.8,,3.9,230,95,0,.89,10,35.1
156,堡林,2022-08-10 11:00,29.1,,3,250,91,0,.93,10,36.7
156,堡林,2022-08-10 12:00,29.8,,3.2,250,88,.4,2.09,10,41.8
156,堡林,2022-08-10 13:00,30.4,,3.3,230,84,.4,2.18,10,44.5
156,堡林,2022-08-10 14:00,30,,3.1,230,83,0,1.32,10,40.3
156,堡林,2022-08-10 15:00,29.8,,3.2,250,85,0,1.14,10,38.8
156,堡林,2022-08-10 16:00,29.7,,3.3,230,86,0,.82,10,36.3
156,堡林,2022-08-10 17:00,29.1,,2.4,250,92,0,.51,10,33.9
156,堡林,2022-08-10 18:00,28.9,,2.5,230,93,.1,.41,10,32.6
156,堡林,2022-08-10 19:00,28.5,,3.6,230,95,0,.24,10,30.5
156,堡林,2022-08-10 20:00,28.1,,3.3,230,93,0,.05,10,28.9
156,堡林,2022-08-10 21:00,28.2,,2.1,230,92,,,5,28.4
156,堡林,2022-08-10 22:00,27.8,,1.7,180,94,,,10,27.8
156,堡林,2022-08-10 23:00,27.2,0,1.4,200,98,,,10,26.9
156,堡林,2022-08-11 00:00,27.2,0,1.8,200,97,,,10,26.5
156,堡林,2022-08-11 01:00,27.2,,1.1,200,97,,,10,26.7
156,堡林,2022-08-11 02:00,27.3,0,1.8,230,97,,,6,26.3
156,堡林,2022-08-11 03:00,26.2,.4,2.3,230,99,,,10,26.2
156,堡林,2022-08-11 04:00,26,.5,1.5,200,99,,,10,26.2
156,堡林,2022-08-11 05:00,25.8,.3,1.3,200,99,,,10,26.4
156,堡林,2022-08-11 06:00,25.8,.8,2.1,230,99,0,.05,10,26.3
156,堡林,2022-08-11 07:00,25.7,.6,3.2,230,99,0,.08,10,26.5
156,堡林,2022-08-11 08:00,25.9,.1,2.7,200,99,0,.26,10,27.9
156,堡林,2022-08-11 09:00,26.1,,2.7,230,99,0,.32,10,27.5
156,堡林,2022-08-11 10:00,26.3,0,1.7,200,99,0,.13,10,27
156,堡林,2022-08-11 11:00,26.2,.6,2.1,230,99,0,.13,10,27.3
156,堡林,2022-08-11 12:00,26.6,.7,2.3,200,99,0,.51,10,29.7
156,堡林,2022-08-11 13:00,26.3,.7,1.6,230,99,0,.43,10,28.9
156,堡林,2022-08-11 14:00,26.2,.9,1,200,99,0,.2,10,27.9
156,堡林,2022-08-11 15:00,26.7,.3,1.6,230,99,0,.34,10,29.1
156,堡林,2022-08-11 16:00,26.7,.6,1.8,230,99,0,.35,10,28.9
156,堡林,2022-08-11 17:00,26.6,.3,1.3,200,99,0,.32,10,28.7
156,堡林,2022-08-11 18:00,26.5,1.1,1.1,200,99,0,.19,10,27.8
156,堡林,2022-08-11 19:00,26.2,1,.2,0,99,0,.09,10,27.4
156,堡林,2022-08-11 20:00,26.2,.1,.8,200,99,0,.06,10,27.2
156,堡林,2022-08-11 21:00,26,.1,2.1,200,99,,,10,27.1
156,堡林,2022-08-11 22:00,26.4,,2.2,230,99,,,6,27
156,堡林,2022-08-11 23:00,26.5,,2.4,230,99,,,9,27
156,堡林,2022-08-12 00:00,26.5,,2.3,230,99,,,7,26.8
156,堡林,2022-08-12 01:00,26.6,,2.5,230,99,,,7,26.9
156,堡林,2022-08-12 02:00,26.6,0,1.6,230,99,,,6,27.1
156,堡林,2022-08-12 03:00,26.6,.4,1.6,230,99,,,7,27
156,堡林,2022-08-12 04:00,26.5,.1,.8,250,99,,,6,26.9
156,堡林,2022-08-12 05:00,26.4,,0,0,99,,,10,26.9
156,堡林,2022-08-12 06:00,26.4,,.6,270,99,0,.06,10,26.8
156,堡林,2022-08-12 07:00,26.1,0,.6,270,99,0,.12,6,27.2
156,堡林,2022-08-12 08:00,26.8,,.5,320,99,.1,.46,9,29.1
156,堡林,2022-08-12 09:00,26.7,,1.2,270,99,0,.36,10,28.4
156,堡林,2022-08-12 10:00,28.6,,.6,270,98,.3,1.26,8,36
156,堡林,2022-08-12 11:00,29.5,,.9,270,93,.7,2.22,10,36.2
156,堡林,2022-08-12 12:00,29.6,,1.1,270,90,.1,1.1,9,35.7
156,堡林,2022-08-12 13:00,30.6,,1.6,320,83,.6,2.23,9,38
156,堡林,2022-08-12 14:00,30.7,,1.4,20,76,.9,2.54,7,40.9
156,堡林,2022-08-12 15:00,31.2,,1.4,290,75,.9,2.76,8,39.2
156,堡林,2022-08-12 16:00,30.3,,1.8,250,75,.3,1.39,9,34.4
156,堡林,2022-08-12 17:00,30.3,,1.3,250,76,.8,1.42,9,33.2
156,堡林,2022-08-12 18:00,29.6,,1.2,270,77,.5,.86,9,30
156,堡林,2022-08-12 19:00,28.9,,.7,340,81,0,.28,9,28.1
156,堡林,2022-08-12 20:00,28,,.6,250,87,0,.06,9,26.6
156,堡林,2022-08-12 21:00,27.4,,1.3,250,92,,,4,25.8
156,堡林,2022-08-12 22:00,27.1,,1.5,250,90,,,9,25.4
156,堡林,2022-08-12 23:00,26.4,,1.1,230,93,,,4,24.6
156,堡林,2022-08-13 00:00,25.7,,.7,180,98,,,8,24.8
156,堡林,2022-08-13 01:00,26,,.7,230,98,,,9,25.2
156,堡林,2022-08-13 02:00,25.6,,.2,0,99,,,8,25.4
156,堡林,2022-08-13 03:00,25.4,,0,0,99,,,7,25.3
156,堡林,2022-08-13 04:00,25.2,,.1,0,99,,,8,24.9
156,堡林,2022-08-13 05:00,24.9,,.4,0,99,,,8,24.8
156,堡林,2022-08-13 06:00,24.5,,1,90,99,0,.06,5,24.5
156,堡林,2022-08-13 07:00,25.2,,.1,0,99,.5,.27,2,25.3
156,堡林,2022-08-13 08:00,26.8,,.5,50,98,1,.91,5,27.4
156,堡林,2022-08-13 09:00,27.9,,1.6,200,97,.5,1.27,9,30.8
156,堡林,2022-08-13 10:00,28.8,,2,250,95,.3,1.3,9,33.9
156,堡林,2022-08-13 11:00,28.1,.1,1.5,270,99,.1,1.05,10,32.3
156,堡林,2022-08-13 12:00,30.1,0,1.7,230,91,.1,1.58,9,36.1
156,堡林,2022-08-13 13:00,31.3,,2.6,230,81,.7,2.45,10,39
156,堡林,2022-08-13 14:00,30.6,,4.4,230,81,0,1.46,10,36
156,堡林,2022-08-13 15:00,30.4,,3,250,89,0,1.44,10,34.7
156,堡林,2022-08-13 16:00,30,,2.8,250,89,0,.84,10,32.6
156,堡林,2022-08-13 17:00,29.4,0,2.8,250,92,0,.35,10,30.7
156,堡林,2022-08-13 18:00,29,0,3.4,230,96,0,.23,9,29.7
156,堡林,2022-08-13 19:00,28.6,,3.8,230,97,0,.2,,28.4
156,堡林,2022-08-13 20:00,28.3,,1.7,230,97,0,.07,10,27.7
156,堡林,2022-08-13 21:00,28.3,,2.4,200,97,,,5,27.2
156,堡林,2022-08-13 22:00,28.1,,2.3,200,96,,,7,26.9
156,堡林,2022-08-13 23:00,27.9,,1.8,200,97,,,3,26.9
156,堡林,2022-08-14 00:00,27.8,,1.4,200,97,,,5,26.7
156,堡林,2022-08-14 01:00,27.6,,2.1,230,97,,,8,26.9
156,堡林,2022-08-14 02:00,27.7,,2.7,230,98,,,8,26.6
156,堡林,2022-08-14 03:00,27.4,,3.4,230,99,,,7,26.5
156,堡林,2022-08-14 04:00,27.1,,3.3,230,99,,,5,26.1
156,堡林,2022-08-14 05:00,27.1,,2,230,99,,,5,26.5
156,堡林,2022-08-14 06:00,27,,2.2,230,99,0,.06,7,26.3
156,堡林,2022-08-14 07:00,27.5,,3.2,230,99,0,.17,5,27.6
156,堡林,2022-08-14 08:00,28,,3.6,230,99,0,.47,7,29.4
156,堡林,2022-08-14 09:00,28.4,,3.2,230,98,.2,.89,7,30.7
156,堡林,2022-08-14 10:00,29.3,,2.2,230,97,.4,1.17,8,32.7
156,堡林,2022-08-14 11:00,29.4,,2.3,250,92,.3,1.26,9,32.4
156,堡林,2022-08-14 12:00,32,,4,230,79,.9,2.95,8,46.4
156,堡林,2022-08-14 13:00,32.7,,4.7,230,70,.9,2.89,8,50.2
156,堡林,2022-08-14 14:00,32.8,,4.8,230,69,1,3.37,3,54.4
156,堡林,2022-08-14 15:00,33,,4,250,69,1,2.98,4,53.7
156,堡林,2022-08-14 16:00,32.8,,3.6,230,75,1,2.63,6,50.2
156,堡林,2022-08-14 17:00,31.6,,3.5,250,80,1,1.63,7,40.9
156,堡林,2022-08-14 18:00,30.5,,4.1,230,84,.3,.71,8,35.5
156,堡林,2022-08-14 19:00,29.6,,4,230,86,0,.26,8,31.8
156,堡林,2022-08-14 20:00,28.8,,2.1,230,92,0,.06,9,29.7
156,堡林,2022-08-14 21:00,28.7,,1.9,200,90,,,9,28.7
156,堡林,2022-08-14 22:00,28.3,,2.2,200,91,,,8,28
156,堡林,2022-08-14 23:00,28.2,,2.2,200,91,,,5,28
156,堡林,2022-08-15 00:00,28,,2.3,200,95,,,8,28
156,堡林,2022-08-15 01:00,27.8,,2.5,200,97,,,9,27.6
156,堡林,2022-08-15 02:00,27.8,,2.5,200,97,,,9,27.8
156,堡林,2022-08-15 03:00,27.9,,1.7,200,97,,,8,27.8
156,堡林,2022-08-15 04:00,27.8,,2.1,200,97,,,9,27.6
156,堡林,2022-08-15 05:00,27.7,,3,230,97,,,8,27.2
156,堡林,2022-08-15 06:00,27.6,,3.1,230,98,0,.06,7,26.9
156,堡林,2022-08-15 07:00,28,,3.9,230,98,0,.24,8,28.2
156,堡林,2022-08-15 08:00,28.7,,4.1,230,97,0,.5,7,30.4
156,堡林,2022-08-15 09:00,29.1,,5.5,230,93,.6,1.11,8,32
156,堡林,2022-08-15 10:00,30.1,,6.7,230,88,.8,1.72,9,38.9
156,堡林,2022-08-15 11:00,31.8,,8,230,78,1,2.84,8,52
156,堡林,2022-08-15 12:00,31.6,,6.1,230,78,.9,2.65,8,49.4
156,堡林,2022-08-15 13:00,31.4,,6.2,230,77,.8,2.19,8,45.4
156,堡林,2022-08-15 14:00,32,,5.8,230,73,.7,2.33,8,48.9
156,堡林,2022-08-15 15:00,32.8,,6.1,230,73,.9,2.94,9,54.9
156,堡林,2022-08-15 16:00,31.2,,5.2,230,78,.4,1.72,7,43.3
156,堡林,2022-08-15 17:00,30.5,,4.9,230,81,.2,1.12,10,38.6
156,堡林,2022-08-15 18:00,29.7,,6.1,230,85,.2,.65,10,34.6
156,堡林,2022-08-15 19:00,29,,5.7,230,89,0,.24,10,31.4
156,堡林,2022-08-15 20:00,28.7,,5.1,230,94,0,.06,10,30.2
156,堡林,2022-08-15 21:00,28.5,,6.7,230,95,,,9,29.6
156,堡林,2022-08-15 22:00,28.3,,5.1,230,96,,,9,29.2
156,堡林,2022-08-15 23:00,28.2,,4.9,230,97,,,8,29
156,堡林,2022-08-16 00:00,27.8,,4.9,230,98,,,8,28.2
156,堡林,2022-08-16 01:00,27.8,,4.6,230,98,,,9,28.4
156,堡林,2022-08-16 02:00,27.6,,5,230,98,,,10,28.2
156,堡林,2022-08-16 03:00,27.6,,4,230,98,,,9,28.1
156,堡林,2022-08-16 04:00,27.4,,4.2,230,99,,,10,27.9
156,堡林,2022-08-16 05:00,26.3,1.2,2.4,250,99,,,10,27.1
156,堡林,2022-08-16 06:00,26.2,.4,1.9,250,99,0,.05,10,27.1
156,堡林,2022-08-16 07:00,24.6,9.3,1.3,270,99,0,.06,10,25.6
156,堡林,2022-08-16 08:00,24.9,2.7,.7,160,99,0,.17,10,26.7
156,堡林,2022-08-16 09:00,25.6,.1,0,0,99,0,.42,10,28.2
156,堡林,2022-08-16 10:00,25.9,.1,.7,230,99,0,.49,10,29.3
156,堡林,2022-08-16 11:00,25.8,0,.8,200,99,0,.37,10,28.3
156,堡林,2022-08-16 12:00,26.7,,1.2,200,99,0,.68,10,31.2
156,堡林,2022-08-16 13:00,27.2,,2.5,230,99,0,1.28,10,32.3
156,堡林,2022-08-16 14:00,27.3,0,1.3,250,99,0,.61,10,30
156,堡林,2022-08-16 15:00,28,.1,.4,0,99,0,.74,10,31.3
156,堡林,2022-08-16 16:00,27.2,0,1.9,230,99,0,.57,10,30.1
156,堡林,2022-08-16 17:00,27,.1,1.4,230,99,0,.22,10,28.7
156,堡林,2022-08-16 18:00,26.8,.1,1.2,250,99,0,.16,10,28.1
156,堡林,2022-08-16 19:00,26,1.4,1.4,200,99,0,.11,10,27.5
156,堡林,2022-08-16 20:00,25.8,.5,.9,230,99,0,.05,10,27.1
156,堡林,2022-08-16 21:00,25.7,.1,0,0,99,,,10,26.9
156,堡林,2022-08-16 22:00,25.6,.3,1,250,99,,,10,26.7
156,堡林,2022-08-16 23:00,24.9,.4,0,0,99,,,9,26.2
156,堡林,2022-08-17 00:00,25.2,.2,.6,270,99,,,9,26
156,堡林,2022-08-17 01:00,24.4,,0,0,99,,,9,25.9
156,堡林,2022-08-17 02:00,24.5,0,0,0,99,,,10,25.9
156,堡林,2022-08-17 03:00,24.9,.1,.2,0,99,,,9,25.9
156,堡林,2022-08-17 04:00,24.9,,0,0,99,,,8,25.9
156,堡林,2022-08-17 05:00,24.9,,0,0,99,,,8,25.7
156,堡林,2022-08-17 06:00,24.7,,0,0,99,0,.06,8,25.6
156,堡林,2022-08-17 07:00,24.9,,.3,0,99,0,.16,10,26.3
156,堡林,2022-08-17 08:00,25.3,,.4,0,99,0,.29,10,27.3
156,堡林,2022-08-17 09:00,25.7,0,.9,50,99,0,.42,10,28.3
156,堡林,2022-08-17 10:00,26.8,0,1.1,70,99,0,.32,10,31.4
156,堡林,2022-08-17 11:00,27.1,0,1.2,50,99,0,0,10,31.5
156,堡林,2022-08-17 12:00,27.2,0,.5,360,99,0,0,10,30.6
156,堡林,2022-08-17 13:00,27.6,,1.1,230,99,0,0,10,31.1
156,堡林,2022-08-17 14:00,28.3,,.6,250,91,0,0,6,32.3
156,堡林,2022-08-17 15:00,28.6,,1.6,250,87,0,0,5,31.8
156,堡林,2022-08-17 16:00,29.3,,2.3,250,81,0,0,7,32
156,堡林,2022-08-17 17:00,29.4,,1.4,290,80,0,0,6,31.5
156,堡林,2022-08-17 18:00,28.3,,1.1,340,79,0,0,3,28.8
156,堡林,2022-08-17 19:00,26.5,,1,290,81,0,0,3,25.7
156,堡林,2022-08-17 20:00,25.1,,.5,290,90,0,0,2,24.3
156,堡林,2022-08-17 21:00,24.7,,.6,290,92,,,2,23.6
156,堡林,2022-08-17 22:00,24.5,,.1,0,95,,,7,23.2
156,堡林,2022-08-17 23:00,24,,0,0,98,,,7,23
156,堡林,2022-08-18 00:00,23.7,,.8,70,98,,,6,22.7
156,堡林,2022-08-18 01:00,23.3,,.4,0,99,,,8,22.6
156,堡林,2022-08-18 02:00,22.9,,.3,0,99,,,2,22.5
156,堡林,2022-08-18 03:00,22.6,,.2,0,99,,,1,22.2
156,堡林,2022-08-18 04:00,22,,.2,0,99,,,7,21.7
156,堡林,2022-08-18 05:00,21.9,,.6,70,99,,,7,21.5
156,堡林,2022-08-18 06:00,21.8,,.3,0,99,0,0,7,21.4
156,堡林,2022-08-18 07:00,22.2,,.9,50,99,0,0,6,22.7
156,堡林,2022-08-18 08:00,24.1,,0,0,99,0,0,5,24.5
156,堡林,2022-08-18 09:00,24.5,,.5,290,97,0,0,4,28
156,堡林,2022-08-18 10:00,25.4,,.6,70,92,0,0,6,28.8
156,堡林,2022-08-18 11:00,27.8,,1.4,90,74,0,0,5,39.3
156,堡林,2022-08-18 12:00,28.4,,1.7,50,67,0,0,7,38.8
156,堡林,2022-08-18 13:00,30.3,,.3,0,59,0,0,3,43.5
156,堡林,2022-08-18 14:00,30,,.8,180,60,0,0,1,38.4
156,堡林,2022-08-18 15:00,31.2,,1.5,230,57,0,0,4,42.8
156,堡林,2022-08-18 16:00,31.3,,1.9,270,53,0,0,7,42.7
156,堡林,2022-08-18 17:00,30.9,,2.1,250,57,0,0,3,36
156,堡林,2022-08-18 18:00,29.2,,1.3,290,71,0,0,4,31.6
156,堡林,2022-08-18 19:00,27.5,,.8,360,77,0,0,4,28.3
156,堡林,2022-08-18 20:00,26.9,,1,250,80,0,0,5,26.4
156,堡林,2022-08-18 21:00,26.4,,1.3,270,79,,,2,25.5
156,堡林,2022-08-18 22:00,25.4,,1.5,200,91,,,2,24.3
156,堡林,2022-08-18 23:00,24.7,,.6,230,93,,,7,23.7
156,堡林,2022-08-19 00:00,24.6,,.6,230,95,,,5,23.2
156,堡林,2022-08-19 01:00,23.8,,.7,200,98,,,7,23
156,堡林,2022-08-19 02:00,23.2,,.5,180,99,,,6,22.5
156,堡林,2022-08-19 03:00,23.2,,.2,0,99,,,5,22.7
156,堡林,2022-08-19 04:00,22.9,,1,110,99,,,4,22.6
156,堡林,2022-08-19 05:00,22.7,,0,0,99,,,4,22.3
156,堡林,2022-08-19 06:00,23.2,,.4,0,99,0,0,7,22.8
156,堡林,2022-08-19 07:00,23.2,,.3,0,98,0,0,6,23.8
156,堡林,2022-08-19 08:00,24.8,,0,0,96,0,.01,7,26.5
156,堡林,2022-08-19 09:00,26.3,,0,0,92,.1,.92,8,29.2
156,堡林,2022-08-19 10:00,27.9,,.6,230,91,.2,1.03,8,34.1
156,堡林,2022-08-19 11:00,29.9,,1.6,250,90,.4,1.57,8,37.7
156,堡林,2022-08-19 12:00,30.4,,1.9,230,88,.4,1.75,8,39
156,堡林,2022-08-19 13:00,31,,3.6,250,87,.7,2.28,7,40.4
156,堡林,2022-08-19 14:00,31.2,,3.8,230,77,.5,2.13,9,40.7
156,堡林,2022-08-19 15:00,31.5,,4.2,230,77,.9,2.56,8,43.6
156,堡林,2022-08-19 16:00,31.8,,4.3,230,78,.9,2.12,8,42.8
156,堡林,2022-08-19 17:00,30.3,,4.4,230,86,.5,1.26,9,36.7
156,堡林,2022-08-19 18:00,29.4,,2.7,230,90,0,.48,10,32.5
156,堡林,2022-08-19 19:00,28.8,,3.5,230,97,0,.13,10,30.4
156,堡林,2022-08-19 20:00,28.3,,3.2,230,97,0,.05,10,29
156,堡林,2022-08-19 21:00,27.8,,3.1,230,99,,,10,28.2
156,堡林,2022-08-19 22:00,27.7,,3.6,230,99,,,10,28
156,堡林,2022-08-19 23:00,27.4,,3.2,230,99,,,5,27.7
156,堡林,2022-08-20 00:00,27.3,,3.2,230,99,,,7,27.3
156,堡林,2022-08-20 01:00,27.3,,2,230,99,,,8,27.3
156,堡林,2022-08-20 02:00,27.3,,2.5,230,99,,,5,27.5
156,堡林,2022-08-20 03:00,27.3,,2.4,230,99,,,6,27.3
156,堡林,2022-08-20 04:00,27.2,,2.9,230,99,,,3,27.4
156,堡林,2022-08-20 05:00,27,,2.4,230,99,,,10,27.4
156,堡林,2022-08-20 06:00,26.9,0,2.9,230,99,0,.05,10,27.3
156,堡林,2022-08-20 07:00,26.6,.2,2,230,99,0,.08,10,27.5
156,堡林,2022-08-20 08:00,26.8,0,1.7,230,99,0,.12,10,27.8
156,堡林,2022-08-20 09:00,26.7,1,1.4,200,99,0,.16,10,27.8
156,堡林,2022-08-20 10:00,26.7,14.2,.8,270,99,0,.14,10,27.4
156,堡林,2022-08-20 11:00,25.8,13.4,.7,270,99,0,.18,10,26.7
156,堡林,2022-08-20 12:00,26.1,3,.9,270,99,0,.46,10,28.6
156,堡林,2022-08-20 13:00,27.6,.4,0,0,99,0,1.15,9,33.1
156,堡林,2022-08-20 14:00,27.4,,.3,0,99,0,1.08,9,31.1
156,堡林,2022-08-20 15:00,26.3,0,.4,0,99,0,.24,9,28.5
156,堡林,2022-08-20 16:00,27.9,,.8,230,97,.1,.87,9,32.5
156,堡林,2022-08-20 17:00,27.8,,1.1,230,97,.3,1.12,8,30.5
156,堡林,2022-08-20 18:00,28.8,,.2,0,94,.3,.54,3,29.4
156,堡林,2022-08-20 19:00,27.5,,.7,320,98,.7,.36,5,27.3
156,堡林,2022-08-20 20:00,26.3,,1,290,99,0,.06,6,26
156,堡林,2022-08-20 21:00,25.6,,.6,290,99,,,3,25.2
156,堡林,2022-08-20 22:00,25.1,,.7,250,99,,,4,25
156,堡林,2022-08-20 23:00,24.9,,.6,250,99,,,5,24.3
156,堡林,2022-08-21 00:00,24.8,,.7,270,99,,,1,25
156,堡林,2022-08-21 01:00,24.7,,0,0,99,,,6,24.9
156,堡林,2022-08-21 02:00,24.6,,0,0,99,,,8,25.3
156,堡林,2022-08-21 03:00,24.5,,.3,0,99,,,8,25.5
156,堡林,2022-08-21 04:00,24.5,,.8,70,99,,,8,25.4
156,堡林,2022-08-21 05:00,24.3,,1.1,70,99,,,7,25.4
156,堡林,2022-08-21 06:00,24.2,,.5,50,99,0,.05,9,25.4
156,堡林,2022-08-21 07:00,24.4,,.7,70,99,.1,.19,4,25.5
156,堡林,2022-08-21 08:00,25.8,,0,0,98,.8,.75,4,26.6
156,堡林,2022-08-21 09:00,26.9,,.1,0,95,1,1.46,8,30.2
156,堡林,2022-08-21 10:00,27.9,,.4,0,95,.3,1.47,7,32.8
156,堡林,2022-08-21 11:00,28.8,,.6,320,86,.6,1.95,8,36.8
156,堡林,2022-08-21 12:00,30.2,,.7,320,82,.6,2.1,7,37.5
156,堡林,2022-08-21 13:00,31.3,,.6,270,73,.7,2.59,8,41.3
156,堡林,2022-08-21 14:00,30,,.7,320,73,.2,1.36,9,34.9
156,堡林,2022-08-21 15:00,31.6,,1.4,230,68,.5,1.78,6,38
156,堡林,2022-08-21 16:00,31.1,,1.1,250,76,.8,2.2,8,37.7
156,堡林,2022-08-21 17:00,29.8,,.9,270,81,.4,1.23,9,34
156,堡林,2022-08-21 18:00,29.5,,.2,0,84,.4,.59,9,31.8
156,堡林,2022-08-21 19:00,28.2,,.9,290,89,.3,.33,8,29.9
156,堡林,2022-08-21 20:00,27.3,,.6,290,96,0,.05,7,28.1
156,堡林,2022-08-21 21:00,26.8,,.6,250,97,,,8,27.2
156,堡林,2022-08-21 22:00,26,,1,230,99,,,1,26.4
156,堡林,2022-08-21 23:00,25.7,,.5,250,99,,,5,25.8
156,堡林,2022-08-22 00:00,25.4,,1.8,230,99,,,5,25.5
156,堡林,2022-08-22 01:00,25.3,,.6,230,99,,,7,25
156,堡林,2022-08-22 02:00,25.2,,.6,250,99,,,6,24.7
156,堡林,2022-08-22 03:00,25.1,,0,0,99,,,6,25.4
156,堡林,2022-08-22 04:00,25,,0,0,99,,,8,25.7
156,堡林,2022-08-22 05:00,24.7,,.4,0,99,,,8,24.8
156,堡林,2022-08-22 06:00,24.1,,0,0,99,0,.05,9,24.4
156,堡林,2022-08-22 07:00,24.6,,.2,0,99,0,.19,4,25
156,堡林,2022-08-22 08:00,25.6,,.1,0,99,.6,.68,5,26.6
156,堡林,2022-08-22 09:00,27.3,,.5,90,96,.6,1.34,5,29.3
156,堡林,2022-08-22 10:00,28.6,,1.2,200,74,.9,2.04,3,43
156,堡林,2022-08-22 11:00,30,,1.6,230,73,1,2.85,5,47.9
156,堡林,2022-08-22 12:00,30.9,,2,230,63,1,3.36,6,56.6
156,堡林,2022-08-22 13:00,31.9,,2.6,230,60,1,3.45,3,55.9
156,堡林,2022-08-22 14:00,32.5,,2.2,230,56,1,3.32,2,56
156,堡林,2022-08-22 15:00,32.1,,2,230,53,1,2.99,4,53.1
156,堡林,2022-08-22 16:00,32.3,,2.5,230,54,1,2.33,8,49.9
156,堡林,2022-08-22 17:00,30.3,,2.6,270,61,.7,1.25,8,35.4
156,堡林,2022-08-22 18:00,30.1,,1.5,250,67,.3,.72,9,33.7
156,堡林,2022-08-22 19:00,28.6,,1.8,270,78,0,.25,6,28.9
156,堡林,2022-08-22 20:00,27.9,,1.4,250,83,0,.05,5,27
156,堡林,2022-08-22 21:00,27.6,,1.8,200,84,,,8,26.6
156,堡林,2022-08-22 22:00,27,,.8,200,89,,,9,26.3
156,堡林,2022-08-22 23:00,26.6,,.3,0,91,,,8,25.7
156,堡林,2022-08-23 00:00,26.8,,1.2,200,87,,,10,26
156,堡林,2022-08-23 01:00,26.2,,.7,230,90,,,10,25.7
156,堡林,2022-08-23 02:00,26.2,,.1,0,90,,,10,25.8
156,堡林,2022-08-23 03:00,25.9,,.6,200,92,,,10,25.7
156,堡林,2022-08-23 04:00,26,,0,0,91,,,10,25.7
156,堡林,2022-08-23 05:00,25.8,0,.1,0,95,,,10,25.7
156,堡林,2022-08-23 06:00,25.4,0,.3,0,99,0,.05,10,25.6
156,堡林,2022-08-23 07:00,25.6,,.6,90,99,0,.13,10,26.4
156,堡林,2022-08-23 08:00,26.4,,0,0,97,0,.32,10,28.4
156,堡林,2022-08-23 09:00,27.3,,1.4,200,97,0,.51,10,31
156,堡林,2022-08-23 10:00,27.5,,1.4,250,91,0,.84,10,31.7
156,堡林,2022-08-23 11:00,27.6,,2.3,230,96,0,.53,9,31.9
156,堡林,2022-08-23 12:00,27.9,,1,200,96,0,.66,10,32.6
156,堡林,2022-08-23 13:00,28.4,,1.6,200,97,0,.98,10,34.9
156,堡林,2022-08-23 14:00,28,0,1.5,250,98,0,.49,10,31.9
156,堡林,2022-08-23 15:00,28.4,0,2.2,230,99,0,.6,10,32.9
156,堡林,2022-08-23 16:00,28.3,0,1.9,230,99,0,.62,10,31
156,堡林,2022-08-23 17:00,27.3,.5,1.2,290,99,0,.27,10,28.8
156,堡林,2022-08-23 18:00,26.8,0,.6,340,99,0,.2,10,28.1
156,堡林,2022-08-23 19:00,25.1,22.2,1.7,50,99,0,.07,10,25.4
156,堡林,2022-08-23 20:00,25.3,2,.7,90,99,0,.06,10,26
156,堡林,2022-08-23 21:00,25.3,0,.2,0,99,,,10,26.2
156,堡林,2022-08-23 22:00,25.2,,.1,0,99,,,10,26.2
156,堡林,2022-08-23 23:00,24.8,,.5,290,99,,,7,25.9
156,堡林,2022-08-24 00:00,24.6,,.3,0,99,,,9,25.6
156,堡林,2022-08-24 01:00,24.3,,.2,0,99,,,9,25.3
156,堡林,2022-08-24 02:00,23.6,.1,.3,0,99,,,10,24.9
156,堡林,2022-08-24 03:00,23.3,.4,0,0,99,,,10,24.9
156,堡林,2022-08-24 04:00,22.9,1.2,.1,0,99,,,10,24.6
156,堡林,2022-08-24 05:00,23.3,.7,0,0,99,,,10,24.9
156,堡林,2022-08-24 06:00,23.4,,0,0,99,0,.06,9,24.8
156,堡林,2022-08-24 07:00,23.4,,.6,270,99,0,.09,8,25.1
156,堡林,2022-08-24 08:00,23.6,,1.1,250,99,0,.29,10,26.2
156,堡林,2022-08-24 09:00,24.3,,.7,270,99,0,.73,7,28.5
156,堡林,2022-08-24 10:00,25.6,,0,0,98,0,1.19,10,31.3
156,堡林,2022-08-24 11:00,26.4,,.1,0,97,.1,1.43,10,32.2
156,堡林,2022-08-24 12:00,26.9,,.7,110,91,0,1.18,10,33.2
156,堡林,2022-08-24 13:00,27.9,,.8,110,92,.2,1.51,8,34.6
156,堡林,2022-08-24 14:00,29.9,,1.2,230,73,.8,2.67,6,40.5
156,堡林,2022-08-24 15:00,30.6,,2.3,230,68,.6,2.22,8,40.3
156,堡林,2022-08-24 16:00,28.6,,1.3,270,76,.3,1.42,8,32.9
156,堡林,2022-08-24 17:00,28,,.6,340,80,.4,1.2,7,30.6
156,堡林,2022-08-24 18:00,28.3,,1.4,250,75,.9,1.01,6,29.7
156,堡林,2022-08-24 19:00,26.6,,1.3,270,84,.6,.29,4,26.3
156,堡林,2022-08-24 20:00,25.6,,1.3,250,89,0,.06,3,25
156,堡林,2022-08-24 21:00,25.3,,1,230,89,,,8,25.2
156,堡林,2022-08-24 22:00,24.5,,1.6,230,94,,,4,24.6
156,堡林,2022-08-24 23:00,24,,1.8,230,93,,,4,24.4
156,堡林,2022-08-25 00:00,23.6,,.7,230,94,,,3,23.5
156,堡林,2022-08-25 01:00,23.3,,1.8,230,96,,,5,23
156,堡林,2022-08-25 02:00,22.9,,1.2,200,97,,,6,22.5
156,堡林,2022-08-25 03:00,23,,1.1,200,98,,,7,22.9
156,堡林,2022-08-25 04:00,22.7,,1.1,200,99,,,5,22.3
156,堡林,2022-08-25 05:00,22.2,,.2,0,99,,,7,22
156,堡林,2022-08-25 06:00,22,,0,0,99,0,.05,5,22
156,堡林,2022-08-25 07:00,22.3,,.5,230,99,.1,.16,4,22.5
156,堡林,2022-08-25 08:00,23.5,,0,0,98,.7,.71,3,26.3
156,堡林,2022-08-25 09:00,25,,1,230,91,.8,1.46,3,33.3
156,堡林,2022-08-25 10:00,25.4,,.6,250,87,.8,1.86,3,34
156,堡林,2022-08-25 11:00,27,,1.3,230,78,.9,2.65,7,42.1
156,堡林,2022-08-25 12:00,28.1,,.9,270,70,.8,2.63,7,43.9
156,堡林,2022-08-25 13:00,27.8,,.9,360,73,.6,2.4,7,37.5
156,堡林,2022-08-25 14:00,29.1,,1.3,320,64,.7,2.15,7,42.2
156,堡林,2022-08-25 15:00,29.6,,1.1,290,60,1,2.97,5,44.8
156,堡林,2022-08-25 16:00,29.1,,1.1,320,64,1,2.3,8,40.8
156,堡林,2022-08-25 17:00,27.3,,1.2,320,62,.3,1.23,9,35.1
156,堡林,2022-08-25 18:00,25.6,,2.1,20,66,.5,.86,8,29.3
156,堡林,2022-08-25 19:00,24.7,,1,320,68,0,.19,5,25.4
156,堡林,2022-08-25 20:00,23.9,,.5,50,70,0,.05,5,24
156,堡林,2022-08-25 21:00,24,,1.1,50,68,,,7,23.8
156,堡林,2022-08-25 22:00,23,,1.8,70,73,,,8,23.4
156,堡林,2022-08-25 23:00,22.2,,2.5,70,71,,,9,22.8
156,堡林,2022-08-26 00:00,22,,1.1,70,70,,,7,22.4
156,堡林,2022-08-26 01:00,21.9,,1.4,70,71,,,8,22.3
156,堡林,2022-08-26 02:00,21.7,,.6,50,72,,,10,21.7
156,堡林,2022-08-26 03:00,21.4,,1,50,76,,,9,21.2
156,堡林,2022-08-26 04:00,21.7,,.7,70,73,,,9,21.8
156,堡林,2022-08-26 05:00,21.9,,1.2,50,73,,,9,21.9
156,堡林,2022-08-26 06:00,21.4,,1.3,70,79,,.05,7,21.9
156,堡林,2022-08-26 07:00,21.3,,1.5,70,77,.1,.18,6,21.6
156,堡林,2022-08-26 08:00,22.8,,1.6,50,70,1,.87,0,24
156,堡林,2022-08-26 09:00,23.8,,1.8,70,63,1,1.66,2,32.7
156,堡林,2022-08-26 10:00,25.3,,1.5,70,62,1,2.38,2,37.4
156,堡林,2022-08-26 11:00,26.2,,.7,360,59,1,2.91,0,44.3
156,堡林,2022-08-26 12:00,27.1,,1.8,20,57,1,3.2,0,49.3
156,堡林,2022-08-26 13:00,27.8,,.6,110,56,1,3.43,0,52.7
156,堡林,2022-08-26 14:00,28.6,,1.1,360,51,1,3.3,0,53
156,堡林,2022-08-26 15:00,28.9,,1.5,320,52,1,3,0,51
156,堡林,2022-08-26 16:00,28.8,,1.3,290,55,1,2.5,0,45.1
156,堡林,2022-08-26 17:00,27.9,,1.5,290,59,1,1.68,3,35.9
156,堡林,2022-08-26 18:00,26.9,,1.1,340,68,.7,.75,7,31.6
156,堡林,2022-08-26 19:00,25,,1.3,340,76,.6,.33,0,27
156,堡林,2022-08-26 20:00,24.2,,1,320,79,0,.05,2,24.9
156,堡林,2022-08-26 21:00,23.6,,.2,0,84,,,4,23.9
156,堡林,2022-08-26 22:00,23.1,,1,50,88,,,3,23.2
156,堡林,2022-08-26 23:00,23,,.5,50,87,,,2,22.7
156,堡林,2022-08-27 00:00,22.5,,.2,0,91,,,2,22.4
156,堡林,2022-08-27 01:00,22.3,,0,0,93,,,3,21.9
156,堡林,2022-08-27 02:00,22.3,,.6,230,96,,,6,22.2
156,堡林,2022-08-27 03:00,21.8,,.1,0,98,,,0,21.5
156,堡林,2022-08-27 04:00,21.5,,0,0,99,,,2,21.1
156,堡林,2022-08-27 05:00,21.5,,.1,0,99,,,1,22
156,堡林,2022-08-27 06:00,21.2,,0,0,99,,,10,22.3
156,堡林,2022-08-27 07:00,22,,0,0,99,0,.1,10,23
156,堡林,2022-08-27 08:00,22,,1,270,98,0,.25,10,24.1
156,堡林,2022-08-27 09:00,23,,1.2,250,97,0,.65,10,28
156,堡林,2022-08-27 10:00,23.6,,.9,270,94,0,1.05,10,31.5
156,堡林,2022-08-27 11:00,24.8,,.5,230,83,.2,1.7,10,34.7
156,堡林,2022-08-27 12:00,25.6,,1.4,270,70,.2,1.84,3,41.6
156,堡林,2022-08-27 13:00,26.1,,1.2,230,50,.9,2.96,4,50.1
156,堡林,2022-08-27 14:00,25.8,,1.4,230,54,.9,3.1,8,44.4
156,堡林,2022-08-27 15:00,25.3,,1.4,230,43,.3,1.47,8,37.5
156,堡林,2022-08-27 16:00,25.8,,2.1,180,46,.9,2.31,0,40.8
156,堡林,2022-08-27 17:00,25.8,,1.1,230,47,1,1.87,0,32.7
156,堡林,2022-08-27 18:00,24.8,,1.4,200,49,1,1.06,3,26.9
156,堡林,2022-08-27 19:00,23,,1.7,200,57,.7,.32,0,23.4
156,堡林,2022-08-27 20:00,21.8,,1.4,200,65,0,.05,1,21.6
156,堡林,2022-08-27 21:00,20.8,,.9,200,70,,,0,20.3
156,堡林,2022-08-27 22:00,19.7,,1.5,230,77,,,0,19.6
156,堡林,2022-08-27 23:00,19.3,,1.5,230,81,,,0,19
156,堡林,2022-08-28 00:00,19.5,,1.9,200,78,,,0,18.7
156,堡林,2022-08-28 01:00,18.7,,1.7,230,82,,,8,18.8
156,堡林,2022-08-28 02:00,18.2,,1.5,200,84,,,6,18
156,堡林,2022-08-28 03:00,18.3,,1.7,230,84,,,0,17.2
156,堡林,2022-08-28 04:00,18,,2.2,230,87,,,4,17.1
156,堡林,2022-08-28 05:00,17.7,,1.2,230,85,,,6,17.5
156,堡林,2022-08-28 06:00,18.3,,1.4,200,83,,,8,18.2
156,堡林,2022-08-28 07:00,18.8,,1,230,82,0,.14,10,19.4
156,堡林,2022-08-28 08:00,19.6,,1.2,230,76,0,.47,8,22.2
156,堡林,2022-08-28 09:00,20.8,,1.8,230,70,.4,1.16,7,29.2
156,堡林,2022-08-28 10:00,22.5,,.8,230,66,1,2.1,7,36.8
156,堡林,2022-08-28 11:00,24.6,,1,230,55,1,2.74,6,43.6
156,堡林,2022-08-28 12:00,26.5,,.6,250,51,1,2.97,7,47.8
156,堡林,2022-08-28 13:00,27.2,,2.9,230,49,1,2.92,7,51.2
156,堡林,2022-08-28 14:00,27.6,,2,230,49,.9,2.54,7,47.5
156,堡林,2022-08-28 15:00,27.6,,2.1,230,47,1,2.89,6,46.1
156,堡林,2022-08-28 16:00,28.4,,1.8,230,47,1,2.41,7,43.5
156,堡林,2022-08-28 17:00,26.6,,1.8,230,53,.3,1.06,7,34.9
156,堡林,2022-08-28 18:00,25.6,,2,230,56,.1,.55,9,29.6
156,堡林,2022-08-28 19:00,24.9,,2,230,57,.2,.23,10,26.9
156,堡林,2022-08-28 20:00,24.5,,1.7,230,58,0,.05,9,25.2
156,堡林,2022-08-28 21:00,23.8,,.2,0,65,,,9,24.1
156,堡林,2022-08-28 22:00,23.4,,1,230,67,,,9,24
156,堡林,2022-08-28 23:00,22.6,,.9,230,70,,,9,23.1
156,堡林,2022-08-29 00:00,22.6,,.9,250,80,,,0,23
156,堡林,2022-08-29 01:00,22,,.1,0,83,,,9,21.9
156,堡林,2022-08-29 02:00,21.3,,.7,250,90,,,8,21.1
156,堡林,2022-08-29 03:00,20.4,,.7,140,88,,,7,20.4
156,堡林,2022-08-29 04:00,20.3,,1.2,140,88,,,9,20.5
156,堡林,2022-08-29 05:00,19.9,,1,90,92,,,7,20.5
156,堡林,2022-08-29 06:00,20,,1.1,70,90,,,5,20.1
156,堡林,2022-08-29 07:00,20.1,,1.1,70,90,0,.14,9,21.8
156,堡林,2022-08-29 08:00,20.7,,1.7,90,85,0,.47,10,24.3
156,堡林,2022-08-29 09:00,21.2,,1.6,70,82,0,.52,9,25.1
156,堡林,2022-08-29 10:00,22.1,,1,70,78,0,.64,8,27.6
156,堡林,2022-08-29 11:00,23.2,,1.9,90,78,0,1.02,10,30.9
156,堡林,2022-08-29 12:00,21.2,0,1.6,70,91,0,.52,10,25
156,堡林,2022-08-29 13:00,22.2,0,2,90,94,0,.73,10,27.9
156,堡林,2022-08-29 14:00,22.4,0,2.5,90,89,0,.91,10,27.1
156,堡林,2022-08-29 15:00,22.6,0,2,90,88,0,.66,10,26.5
156,堡林,2022-08-29 16:00,22.8,,2.1,70,90,0,.44,10,26.8
156,堡林,2022-08-29 17:00,23.3,,2,70,88,0,.49,10,28.1
156,堡林,2022-08-29 18:00,23.2,,1.9,70,83,0,.37,10,26.2
156,堡林,2022-08-29 19:00,22.8,,1.4,70,88,0,.15,10,24
156,堡林,2022-08-29 20:00,22.8,,1.3,70,90,0,.06,10,23.8
156,堡林,2022-08-29 21:00,22.6,,.8,50,92,,,9,23.6
156,堡林,2022-08-29 22:00,22.5,,1.2,90,92,,,8,23
156,堡林,2022-08-29 23:00,22.4,,.9,70,92,,,3,23
156,堡林,2022-08-30 00:00,22.4,,.4,0,93,,,0,23
156,堡林,2022-08-30 01:00,22.2,,.5,70,94,,,9,22.9
156,堡林,2022-08-30 02:00,22.4,,.1,0,95,,,7,23.2
156,堡林,2022-08-30 03:00,22.3,,.7,50,96,,,7,23.2
156,堡林,2022-08-30 04:00,22.3,,0,0,97,,,10,23.1
156,堡林,2022-08-30 05:00,22,,.1,0,97,,,10,23
156,堡林,2022-08-30 06:00,22.2,,.1,0,98,,,10,22.6
156,堡林,2022-08-30 07:00,22.5,,.6,90,98,0,.12,10,23.6
156,堡林,2022-08-30 08:00,24.1,,.2,0,93,.1,.6,10,28.2
156,堡林,2022-08-30 09:00,24.8,,.8,140,93,0,.66,10,28.7
156,堡林,2022-08-30 10:00,25.9,,.2,0,91,0,.69,9,32.5
156,堡林,2022-08-30 11:00,26.2,,.9,230,93,0,.69,8,30.6
156,堡林,2022-08-30 12:00,27.1,,2.9,230,91,0,.92,6,33.9
156,堡林,2022-08-30 13:00,27.6,,2.6,200,90,0,1.26,9,38.6
156,堡林,2022-08-30 14:00,26.7,0,1.3,230,97,0,.86,10,31.5
156,堡林,2022-08-30 15:00,26.4,0,1.4,200,98,0,.43,10,29.6
156,堡林,2022-08-30 16:00,26.7,.1,1.6,200,98,0,.51,10,29.5
156,堡林,2022-08-30 17:00,27,0,2.4,200,97,0,.59,10,29.3
156,堡林,2022-08-30 18:00,26.7,,2,200,98,0,.35,10,28.3
156,堡林,2022-08-30 19:00,26.4,,2.7,200,98,0,.19,8,26.8
156,堡林,2022-08-30 20:00,24.8,1.2,.8,200,99,0,.05,10,25.7
156,堡林,2022-08-30 21:00,25,0,2,200,99,,,10,25.1
156,堡林,2022-08-30 22:00,24.5,0,.9,200,99,,,10,25
156,堡林,2022-08-30 23:00,24.6,0,1.7,200,99,,,10,24.8
156,堡林,2022-08-31 00:00,24.1,0,1.1,230,99,,,10,24.8
156,堡林,2022-08-31 01:00,23.6,2.2,1.3,230,99,,,10,24.6
156,堡林,2022-08-31 02:00,23.5,.2,.7,250,99,,,10,24.6
156,堡林,2022-08-31 03:00,23.4,,1,230,99,,,9,24.4
156,堡林,2022-08-31 04:00,23.1,.2,.5,270,99,,,10,24.3
156,堡林,2022-08-31 05:00,22.6,.1,.3,0,99,,,10,23.9
156,堡林,2022-08-31 06:00,22,.7,.5,270,99,,,10,23.3
156,堡林,2022-08-31 07:00,21.9,.3,.1,0,99,0,.08,10,23.4
156,堡林,2022-08-31 08:00,21.8,.7,1.3,290,99,0,.25,10,24.5
156,堡林,2022-08-31 09:00,21.8,,.9,50,99,0,.38,9,24.6
156,堡林,2022-08-31 10:00,22.9,,1.3,90,99,0,.93,8,28
156,堡林,2022-08-31 11:00,23.1,,.6,110,98,0,.92,8,27.2
156,堡林,2022-08-31 12:00,23.8,,.7,180,93,0,.96,9,28.4
156,堡林,2022-08-31 13:00,24.3,,1.6,140,85,0,1.47,8,29.8
156,堡林,2022-08-31 14:00,26,,2.7,140,77,.4,2.05,9,34.8
156,堡林,2022-08-31 15:00,25.7,,2.1,160,73,.6,1.86,9,31.1
156,堡林,2022-08-31 16:00,25.8,,1.4,140,72,.7,2.22,8,31.2
156,堡林,2022-08-31 17:00,25.3,,1.1,140,74,.7,1.21,6,27.2
156,堡林,2022-08-31 18:00,24.6,,1.7,140,83,.4,.62,8,25.9
156,堡林,2022-08-31 19:00,23.2,,1.5,200,92,0,.16,9,23.6
156,堡林,2022-08-31 20:00,22.4,,.5,90,97,0,.05,8,22.5
156,堡林,2022-08-31 21:00,21.7,,.4,0,98,,,8,22
156,堡林,2022-08-31 22:00,21.6,,1,70,98,,,9,21.6
156,堡林,2022-08-31 23:00,21.6,,.7,70,99,,,8,21.4
